Time,Driver,DriverNumber,LapTime,LapNumber,Stint,PitOutTime,PitInTime,Sector1Time,Sector2Time,Sector3Time,Sector1SessionTime,Sector2SessionTime,Sector3SessionTime,SpeedI1,SpeedI2,SpeedFL,SpeedST,IsPersonalBest,Compound,TyreLife,FreshTyre,Team,LapStartTime,LapStartDate,TrackStatus,Position,Deleted,DeletedReason,FastF1Generated,IsAccurate,Year,EventName,Country,Circuit,RoundNumber,SessionType,IsSafetyCar,IsVirtualSafetyCar
0 days 00:22:25.586000,LEC,16,,1.0,1.0,0 days 00:20:22.802000,,,0 days 00:00:36.448000,0 days 00:00:38.888000,,0 days 00:21:46.707000,0 days 00:22:25.712000,202.0,262.0,282.0,74.0,False,SOFT,1.0,True,Ferrari,0 days 00:20:22.802000,2022-05-21 14:05:22.815,1,,,,False,False,2022,Spanish Grand Prix,Spain,Barcelona,6,Qualifying,False,False
0 days 00:23:45.447000,LEC,16,0 days 00:01:19.861000,2.0,1.0,,,0 days 00:00:22.333000,0 days 00:00:29.923000,0 days 00:00:27.605000,0 days 00:22:47.919000,0 days 00:23:17.842000,0 days 00:23:45.447000,285.0,305.0,286.0,319.0,True,SOFT,2.0,True,Ferrari,0 days 00:22:25.586000,2022-05-21 14:07:25.599,1,,,,False,True,2022,Spanish Grand Prix,Spain,Barcelona,6,Qualifying,False,False
0 days 00:25:34.618000,LEC,16,0 days 00:01:49.171000,3.0,1.0,,0 days 00:25:31.813000,0 days 00:00:27.817000,0 days 00:00:40.455000,0 days 00:00:40.899000,0 days 00:24:13.264000,0 days 00:24:53.719000,0 days 00:25:34.618000,196.0,228.0,,304.0,False,SOFT,3.0,True,Ferrari,0 days 00:23:45.447000,2022-05-21 14:08:45.460,1,,,,False,False,2022,Spanish Grand Prix,Spain,Barcelona,6,Qualifying,False,False
0 days 00:46:11.523000,LEC,16,,4.0,2.0,0 days 00:44:12.392000,,,0 days 00:00:39.066000,0 days 00:00:34.510000,,0 days 00:45:37.049000,0 days 00:46:11.523000,205.0,197.0,283.0,87.0,False,SOFT,4.0,False,Ferrari,0 days 00:25:34.618000,2022-05-21 14:10:34.631,1,,,,False,False,2022,Spanish Grand Prix,Spain,Barcelona,6,Qualifying,False,False
0 days 00:47:31.492000,LEC,16,0 days 00:01:19.969000,5.0,2.0,,,0 days 00:00:22.190000,0 days 00:00:29.954000,0 days 00:00:27.825000,0 days 00:46:33.713000,0 days 00:47:03.667000,0 days 00:47:31.492000,287.0,307.0,287.0,321.0,True,SOFT,5.0,False,Ferrari,0 days 00:46:11.523000,2022-05-21 14:31:11.536,1,,,,False,True,2022,Spanish Grand Prix,Spain,Barcelona,6,Qualifying,False,False
0 days 00:49:09.344000,LEC,16,0 days 00:01:37.852000,6.0,2.0,,0 days 00:49:06.594000,0 days 00:00:26.170000,0 days 00:00:35.396000,0 days 00:00:36.286000,0 days 00:47:57.662000,0 days 00:48:33.058000,0 days 00:49:09.344000,209.0,211.0,,303.0,False,SOFT,6.0,False,Ferrari,0 days 00:47:31.492000,2022-05-21 14:32:31.505,1,,,,False,False,2022,Spanish Grand Prix,Spain,Barcelona,6,Qualifying,False,False
0 days 01:05:49.956000,LEC,16,,7.0,3.0,0 days 01:03:57.296000,,,0 days 00:00:39.512000,0 days 00:00:40.085000,,0 days 01:05:09.872000,0 days 01:05:49.956000,191.0,175.0,282.0,113.0,False,SOFT,1.0,True,Ferrari,0 days 00:49:09.344000,2022-05-21 14:34:09.357,1,,,,False,False,2022,Spanish Grand Prix,Spain,Barcelona,6,Qualifying,False,False
0 days 01:07:21.584000,LEC,16,0 days 00:01:31.628000,8.0,3.0,,0 days 01:07:18.805000,0 days 00:00:22.105000,0 days 00:00:29.485000,0 days 00:00:40.038000,0 days 01:06:12.061000,0 days 01:06:41.546000,0 days 01:07:21.584000,287.0,305.0,,316.0,False,SOFT,2.0,True,Ferrari,0 days 01:05:49.956000,2022-05-21 14:50:49.969,1,,,,False,False,2022,Spanish Grand Prix,Spain,Barcelona,6,Qualifying,False,False
0 days 01:13:14.745000,LEC,16,,9.0,4.0,0 days 01:11:28.062000,,,0 days 00:00:41.264000,0 days 00:00:32.952000,,0 days 01:12:41.820000,0 days 01:13:14.915000,204.0,207.0,281.0,162.0,False,SOFT,1.0,True,Ferrari,0 days 01:07:21.584000,2022-05-21 14:52:21.597,1,,,,False,False,2022,Spanish Grand Prix,Spain,Barcelona,6,Qualifying,False,False
0 days 01:14:33.495000,LEC,16,0 days 00:01:18.750000,10.0,4.0,,,0 days 00:00:22.004000,0 days 00:00:29.410000,0 days 00:00:27.336000,0 days 01:13:36.749000,0 days 01:14:06.159000,0 days 01:14:33.495000,285.0,306.0,282.0,316.0,True,SOFT,2.0,True,Ferrari,0 days 01:13:14.745000,2022-05-21 14:58:14.758,1,,,,False,True,2022,Spanish Grand Prix,Spain,Barcelona,6,Qualifying,False,False
0 days 01:16:23.328000,LEC,16,0 days 00:01:49.833000,11.0,4.0,,,0 days 00:00:30.781000,0 days 00:00:38.866000,0 days 00:00:40.186000,0 days 01:15:04.276000,0 days 01:15:43.142000,0 days 01:16:23.328000,189.0,179.0,80.0,191.0,False,SOFT,3.0,True,Ferrari,0 days 01:14:33.495000,2022-05-21 14:59:33.508,1,,,,False,True,2022,Spanish Grand Prix,Spain,Barcelona,6,Qualifying,False,False
0 days 00:21:02.481000,VER,1,,1.0,1.0,0 days 00:19:20.010000,,,0 days 00:00:40.082000,0 days 00:00:34.505000,,0 days 00:20:27.981000,0 days 00:21:02.485000,241.0,239.0,285.0,234.0,False,SOFT,1.0,True,Red Bull Racing,0 days 00:19:20.010000,2022-05-21 14:04:20.023,1,,,,False,False,2022,Spanish Grand Prix,Spain,Barcelona,6,Qualifying,False,False
0 days 00:22:22.572000,VER,1,0 days 00:01:20.091000,2.0,1.0,,,0 days 00:00:22.163000,0 days 00:00:30.047000,0 days 00:00:27.881000,0 days 00:21:24.644000,0 days 00:21:54.691000,0 days 00:22:22.572000,287.0,304.0,281.0,321.0,True,SOFT,2.0,True,Red Bull Racing,0 days 00:21:02.481000,2022-05-21 14:06:02.494,1,,,,False,True,2022,Spanish Grand Prix,Spain,Barcelona,6,Qualifying,False,False
0 days 00:24:40.784000,VER,1,0 days 00:02:18.212000,3.0,1.0,,0 days 00:24:12.335000,0 days 00:00:32.043000,0 days 00:00:41.090000,0 days 00:01:05.079000,0 days 00:22:54.615000,0 days 00:23:35.705000,0 days 00:24:40.784000,123.0,228.0,,277.0,False,SOFT,3.0,True,Red Bull Racing,0 days 00:22:22.572000,2022-05-21 14:07:22.585,1,,,,False,False,2022,Spanish Grand Prix,Spain,Barcelona,6,Qualifying,False,False
0 days 00:46:20.464000,VER,1,,4.0,2.0,0 days 00:44:27.866000,,,0 days 00:00:39.342000,0 days 00:00:29.716000,,0 days 00:45:50.813000,0 days 00:46:20.512000,204.0,255.0,286.0,181.0,False,SOFT,4.0,False,Red Bull Racing,0 days 00:24:40.784000,2022-05-21 14:09:40.797,1,,,,False,False,2022,Spanish Grand Prix,Spain,Barcelona,6,Qualifying,False,False
0 days 00:47:40.573000,VER,1,0 days 00:01:20.109000,5.0,2.0,,,0 days 00:00:22.222000,0 days 00:00:30.090000,0 days 00:00:27.797000,0 days 00:46:42.686000,0 days 00:47:12.776000,0 days 00:47:40.573000,289.0,308.0,285.0,322.0,True,SOFT,5.0,False,Red Bull Racing,0 days 00:46:20.464000,2022-05-21 14:31:20.477,1,,,,False,True,2022,Spanish Grand Prix,Spain,Barcelona,6,Qualifying,False,False
0 days 00:49:13.839000,VER,1,0 days 00:01:33.266000,6.0,2.0,,0 days 00:49:11.080000,0 days 00:00:25.355000,0 days 00:00:33.555000,0 days 00:00:34.356000,0 days 00:48:05.928000,0 days 00:48:39.483000,0 days 00:49:13.839000,237.0,227.0,,280.0,False,SOFT,6.0,False,Red Bull Racing,0 days 00:47:40.573000,2022-05-21 14:32:40.586,1,,,,False,False,2022,Spanish Grand Prix,Spain,Barcelona,6,Qualifying,False,False
0 days 00:54:27.275000,VER,1,,7.0,3.0,0 days 00:52:16.939000,,,0 days 00:00:42.330000,0 days 00:00:52.113000,,0 days 00:53:35.164000,0 days 00:54:27.456000,226.0,237.0,284.0,114.0,False,SOFT,1.0,True,Red Bull Racing,0 days 00:49:13.839000,2022-05-21 14:34:13.852,1,,,,False,False,2022,Spanish Grand Prix,Spain,Barcelona,6,Qualifying,False,False
0 days 00:55:46.494000,VER,1,0 days 00:01:19.219000,8.0,3.0,,,0 days 00:00:22.068000,0 days 00:00:29.662000,0 days 00:00:27.489000,0 days 00:54:49.343000,0 days 00:55:19.005000,0 days 00:55:46.494000,290.0,306.0,283.0,318.0,True,SOFT,2.0,True,Red Bull Racing,0 days 00:54:27.275000,2022-05-21 14:39:27.288,1,,,,False,True,2022,Spanish Grand Prix,Spain,Barcelona,6,Qualifying,False,False
0 days 00:57:27.308000,VER,1,0 days 00:01:40.814000,9.0,3.0,,0 days 00:57:24.506000,0 days 00:00:28.076000,0 days 00:00:36.309000,0 days 00:00:36.429000,0 days 00:56:14.570000,0 days 00:56:50.879000,0 days 00:57:27.308000,196.0,217.0,,236.0,False,SOFT,3.0,True,Red Bull Racing,0 days 00:55:46.494000,2022-05-21 14:40:46.507,1,,,,False,False,2022,Spanish Grand Prix,Spain,Barcelona,6,Qualifying,False,False
0 days 01:06:12.323000,VER,1,,10.0,4.0,0 days 01:04:27.648000,,,0 days 00:00:38.920000,0 days 00:00:33.217000,,0 days 01:05:39.110000,0 days 01:06:12.353000,223.0,245.0,286.0,175.0,False,SOFT,1.0,True,Red Bull Racing,0 days 00:57:27.308000,2022-05-21 14:42:27.321,1,,,,False,False,2022,Spanish Grand Prix,Spain,Barcelona,6,Qualifying,False,False
0 days 01:07:31.396000,VER,1,0 days 00:01:19.073000,11.0,4.0,,,0 days 00:00:21.978000,0 days 00:00:29.684000,0 days 00:00:27.411000,0 days 01:06:34.301000,0 days 01:07:03.985000,0 days 01:07:31.396000,290.0,302.0,285.0,318.0,True,SOFT,2.0,True,Red Bull Racing,0 days 01:06:12.323000,2022-05-21 14:51:12.336,1,,,,False,True,2022,Spanish Grand Prix,Spain,Barcelona,6,Qualifying,False,False
0 days 01:09:09.654000,VER,1,0 days 00:01:38.258000,12.0,4.0,,0 days 01:09:06.862000,0 days 00:00:26.795000,0 days 00:00:35.047000,0 days 00:00:36.416000,0 days 01:07:58.191000,0 days 01:08:33.238000,0 days 01:09:09.654000,225.0,221.0,,251.0,False,SOFT,3.0,True,Red Bull Racing,0 days 01:07:31.396000,2022-05-21 14:52:31.409,1,,,,False,False,2022,Spanish Grand Prix,Spain,Barcelona,6,Qualifying,False,False
0 days 01:14:09.973000,VER,1,,13.0,5.0,0 days 01:12:25.422000,,,0 days 00:00:40.065000,0 days 00:00:31.710000,,0 days 01:13:38.263000,0 days 01:14:10.187000,204.0,254.0,277.0,181.0,False,SOFT,1.0,True,Red Bull Racing,0 days 01:09:09.654000,2022-05-21 14:54:09.667,1,,,,False,False,2022,Spanish Grand Prix,Spain,Barcelona,6,Qualifying,False,False
0 days 01:15:45.268000,VER,1,0 days 00:01:35.295000,14.0,5.0,,,0 days 00:00:26.527000,0 days 00:00:35.692000,0 days 00:00:33.076000,0 days 01:14:36.500000,0 days 01:15:12.192000,0 days 01:15:45.268000,193.0,226.0,200.0,300.0,False,SOFT,2.0,True,Red Bull Racing,0 days 01:14:09.973000,2022-05-21 14:59:09.986,1,,,,False,True,2022,Spanish Grand Prix,Spain,Barcelona,6,Qualifying,False,False
0 days 01:17:34.454000,VER,1,0 days 00:01:49.186000,15.0,5.0,,,0 days 00:00:32.114000,0 days 00:00:39.685000,0 days 00:00:37.387000,0 days 01:16:17.382000,0 days 01:16:57.067000,0 days 01:17:34.454000,171.0,201.0,82.0,216.0,False,SOFT,3.0,True,Red Bull Racing,0 days 01:15:45.268000,2022-05-21 15:00:45.281,1,,,,False,True,2022,Spanish Grand Prix,Spain,Barcelona,6,Qualifying,False,False
0 days 00:22:13.478000,SAI,55,,1.0,1.0,0 days 00:20:15.593000,,,0 days 00:00:40.009000,0 days 00:00:33.044000,,0 days 00:21:40.446000,0 days 00:22:13.478000,210.0,214.0,281.0,70.0,False,SOFT,1.0,True,Ferrari,0 days 00:20:15.593000,2022-05-21 14:05:15.606,1,,,,False,False,2022,Spanish Grand Prix,Spain,Barcelona,6,Qualifying,False,False
0 days 00:23:33.370000,SAI,55,0 days 00:01:19.892000,2.0,1.0,,,0 days 00:00:22.329000,0 days 00:00:29.826000,0 days 00:00:27.737000,0 days 00:22:35.807000,0 days 00:23:05.633000,0 days 00:23:33.370000,285.0,304.0,285.0,315.0,True,SOFT,2.0,True,Ferrari,0 days 00:22:13.478000,2022-05-21 14:07:13.491,1,,,,False,True,2022,Spanish Grand Prix,Spain,Barcelona,6,Qualifying,False,False
0 days 00:26:15.977000,SAI,55,0 days 00:02:42.607000,3.0,1.0,,0 days 00:25:19.887000,0 days 00:00:32.489000,0 days 00:00:37.042000,0 days 00:01:33.076000,0 days 00:24:05.859000,0 days 00:24:42.901000,0 days 00:26:15.977000,197.0,213.0,,184.0,False,SOFT,3.0,True,Ferrari,0 days 00:23:33.370000,2022-05-21 14:08:33.383,1,,,,False,False,2022,Spanish Grand Prix,Spain,Barcelona,6,Qualifying,False,False
0 days 00:46:05.666000,SAI,55,,4.0,2.0,0 days 00:44:02.989000,,,0 days 00:00:39.033000,0 days 00:00:42.270000,,0 days 00:45:23.426000,0 days 00:46:05.666000,183.0,160.0,283.0,143.0,False,SOFT,4.0,False,Ferrari,0 days 00:26:15.977000,2022-05-21 14:11:15.990,1,,,,False,False,2022,Spanish Grand Prix,Spain,Barcelona,6,Qualifying,False,False
0 days 00:47:26.052000,SAI,55,0 days 00:01:20.386000,5.0,2.0,,,0 days 00:00:22.276000,0 days 00:00:30.210000,0 days 00:00:27.900000,0 days 00:46:27.942000,0 days 00:46:58.152000,0 days 00:47:26.052000,285.0,306.0,287.0,322.0,True,SOFT,5.0,False,Ferrari,0 days 00:46:05.666000,2022-05-21 14:31:05.679,1,,,,False,True,2022,Spanish Grand Prix,Spain,Barcelona,6,Qualifying,False,False
0 days 00:49:08.198000,SAI,55,0 days 00:01:42.146000,6.0,2.0,,0 days 00:49:05.425000,0 days 00:00:27.735000,0 days 00:00:36.785000,0 days 00:00:37.626000,0 days 00:47:53.787000,0 days 00:48:30.572000,0 days 00:49:08.198000,202.0,221.0,,265.0,False,SOFT,6.0,False,Ferrari,0 days 00:47:26.052000,2022-05-21 14:32:26.065,1,,,,False,False,2022,Spanish Grand Prix,Spain,Barcelona,6,Qualifying,False,False
0 days 00:53:36.821000,SAI,55,,7.0,3.0,0 days 00:51:40.548000,,,0 days 00:00:38.523000,0 days 00:00:38.282000,,0 days 00:52:58.556000,0 days 00:53:36.955000,192.0,205.0,283.0,76.0,False,SOFT,1.0,True,Ferrari,0 days 00:49:08.198000,2022-05-21 14:34:08.211,1,,,,False,False,2022,Spanish Grand Prix,Spain,Barcelona,6,Qualifying,False,False
0 days 00:54:56.274000,SAI,55,0 days 00:01:19.453000,8.0,3.0,,,0 days 00:00:22.080000,0 days 00:00:29.819000,0 days 00:00:27.554000,0 days 00:53:58.901000,0 days 00:54:28.720000,0 days 00:54:56.274000,288.0,305.0,285.0,320.0,True,SOFT,2.0,True,Ferrari,0 days 00:53:36.821000,2022-05-21 14:38:36.834,1,,,,False,True,2022,Spanish Grand Prix,Spain,Barcelona,6,Qualifying,False,False
0 days 00:56:43.545000,SAI,55,0 days 00:01:47.271000,9.0,3.0,,0 days 00:56:40.761000,0 days 00:00:30.046000,0 days 00:00:38.878000,0 days 00:00:38.347000,0 days 00:55:26.320000,0 days 00:56:05.198000,0 days 00:56:43.545000,175.0,197.0,,265.0,False,SOFT,3.0,True,Ferrari,0 days 00:54:56.274000,2022-05-21 14:39:56.287,1,,,,False,False,2022,Spanish Grand Prix,Spain,Barcelona,6,Qualifying,False,False
0 days 01:05:42.182000,SAI,55,,10.0,4.0,0 days 01:03:53.941000,,,0 days 00:00:39.920000,0 days 00:00:34.593000,,0 days 01:05:07.589000,0 days 01:05:42.188000,206.0,190.0,282.0,164.0,False,SOFT,1.0,True,Ferrari,0 days 00:56:43.545000,2022-05-21 14:41:43.558,1,,,,False,False,2022,Spanish Grand Prix,Spain,Barcelona,6,Qualifying,False,False
0 days 01:07:01.605000,SAI,55,0 days 00:01:19.423000,11.0,4.0,,,0 days 00:00:22.176000,0 days 00:00:29.645000,0 days 00:00:27.602000,0 days 01:06:04.358000,0 days 01:06:34.003000,0 days 01:07:01.605000,287.0,304.0,285.0,315.0,True,SOFT,2.0,True,Ferrari,0 days 01:05:42.182000,2022-05-21 14:50:42.195,1,,,,False,True,2022,Spanish Grand Prix,Spain,Barcelona,6,Qualifying,False,False
0 days 01:08:49.307000,SAI,55,0 days 00:01:47.702000,12.0,4.0,,0 days 01:08:46.522000,0 days 00:00:33.559000,0 days 00:00:37.602000,0 days 00:00:36.541000,0 days 01:07:35.164000,0 days 01:08:12.766000,0 days 01:08:49.307000,176.0,226.0,,194.0,False,SOFT,3.0,True,Ferrari,0 days 01:07:01.605000,2022-05-21 14:52:01.618,1,,,,False,False,2022,Spanish Grand Prix,Spain,Barcelona,6,Qualifying,False,False
0 days 01:13:29.358000,SAI,55,,13.0,5.0,0 days 01:11:41.486000,,,0 days 00:00:40.767000,0 days 00:00:32.861000,,0 days 01:12:56.541000,0 days 01:13:29.517000,184.0,217.0,281.0,144.0,False,SOFT,1.0,True,Ferrari,0 days 01:08:49.307000,2022-05-21 14:53:49.320,1,,,,False,False,2022,Spanish Grand Prix,Spain,Barcelona,6,Qualifying,False,False
0 days 01:14:48.524000,SAI,55,0 days 00:01:19.166000,14.0,5.0,,,0 days 00:00:22.189000,0 days 00:00:29.583000,0 days 00:00:27.394000,0 days 01:13:51.547000,0 days 01:14:21.130000,0 days 01:14:48.524000,284.0,307.0,284.0,316.0,True,SOFT,2.0,True,Ferrari,0 days 01:13:29.358000,2022-05-21 14:58:29.371,1,,,,False,True,2022,Spanish Grand Prix,Spain,Barcelona,6,Qualifying,False,False
0 days 01:16:34.610000,SAI,55,0 days 00:01:46.086000,15.0,5.0,,,0 days 00:00:29.529000,0 days 00:00:38.501000,0 days 00:00:38.056000,0 days 01:15:18.053000,0 days 01:15:56.554000,0 days 01:16:34.610000,184.0,179.0,101.0,244.0,False,SOFT,3.0,True,Ferrari,0 days 01:14:48.524000,2022-05-21 14:59:48.537,1,,,,False,True,2022,Spanish Grand Prix,Spain,Barcelona,6,Qualifying,False,False
0 days 00:23:06.902000,RUS,63,,1.0,1.0,0 days 00:21:11.965000,,,0 days 00:00:39.444000,0 days 00:00:39.683000,,0 days 00:22:27.287000,0 days 00:23:06.903000,197.0,200.0,283.0,162.0,False,SOFT,1.0,True,Mercedes,0 days 00:21:11.965000,2022-05-21 14:06:11.978,1,,,,False,False,2022,Spanish Grand Prix,Spain,Barcelona,6,Qualifying,False,False
0 days 00:24:27.120000,RUS,63,0 days 00:01:20.218000,2.0,1.0,,,0 days 00:00:22.150000,0 days 00:00:30.120000,0 days 00:00:27.948000,0 days 00:23:29.052000,0 days 00:23:59.172000,0 days 00:24:27.120000,286.0,291.0,282.0,321.0,True,SOFT,2.0,True,Mercedes,0 days 00:23:06.902000,2022-05-21 14:08:06.915,1,,,,False,True,2022,Spanish Grand Prix,Spain,Barcelona,6,Qualifying,False,False
0 days 00:26:16.143000,RUS,63,0 days 00:01:49.023000,3.0,1.0,,0 days 00:26:12.968000,0 days 00:00:29.373000,0 days 00:00:38.498000,0 days 00:00:41.152000,0 days 00:24:56.493000,0 days 00:25:34.991000,0 days 00:26:16.143000,209.0,221.0,,251.0,False,SOFT,3.0,True,Mercedes,0 days 00:24:27.120000,2022-05-21 14:09:27.133,1,,,,False,False,2022,Spanish Grand Prix,Spain,Barcelona,6,Qualifying,False,False
0 days 00:32:55.270000,RUS,63,,4.0,2.0,0 days 00:31:05.092000,,,0 days 00:00:35.308000,0 days 00:00:39.240000,,0 days 00:32:16.039000,0 days 00:32:55.441000,208.0,225.0,283.0,188.0,False,SOFT,4.0,False,Mercedes,0 days 00:26:16.143000,2022-05-21 14:11:16.156,1,,,,False,False,2022,Spanish Grand Prix,Spain,Barcelona,6,Qualifying,False,False
0 days 00:34:39.197000,RUS,63,0 days 00:01:43.927000,5.0,2.0,,0 days 00:34:36.323000,0 days 00:00:22.250000,0 days 00:00:36.903000,0 days 00:00:44.774000,0 days 00:33:17.520000,0 days 00:33:54.423000,0 days 00:34:39.197000,281.0,187.0,,324.0,False,SOFT,5.0,False,Mercedes,0 days 00:32:55.270000,2022-05-21 14:17:55.283,1,,,,False,False,2022,Spanish Grand Prix,Spain,Barcelona,6,Qualifying,False,False
0 days 00:45:03.235000,RUS,63,,6.0,3.0,0 days 00:43:10.025000,,,0 days 00:00:43.912000,0 days 00:00:34.143000,,0 days 00:44:29.174000,0 days 00:45:03.241000,196.0,191.0,284.0,113.0,False,SOFT,1.0,True,Mercedes,0 days 00:34:39.197000,2022-05-21 14:19:39.210,1,,,,False,False,2022,Spanish Grand Prix,Spain,Barcelona,6,Qualifying,False,False
0 days 00:46:22.705000,RUS,63,0 days 00:01:19.470000,7.0,3.0,,,0 days 00:00:21.995000,0 days 00:00:29.776000,0 days 00:00:27.699000,0 days 00:45:25.230000,0 days 00:45:55.006000,0 days 00:46:22.705000,286.0,295.0,284.0,321.0,True,SOFT,2.0,True,Mercedes,0 days 00:45:03.235000,2022-05-21 14:30:03.248,1,,,,False,True,2022,Spanish Grand Prix,Spain,Barcelona,6,Qualifying,False,False
0 days 00:48:08.319000,RUS,63,0 days 00:01:45.614000,8.0,3.0,,0 days 00:48:05.564000,0 days 00:00:29.457000,0 days 00:00:37.501000,0 days 00:00:38.656000,0 days 00:46:52.162000,0 days 00:47:29.663000,0 days 00:48:08.319000,170.0,194.0,,242.0,False,SOFT,3.0,True,Mercedes,0 days 00:46:22.705000,2022-05-21 14:31:22.718,1,,,,False,False,2022,Spanish Grand Prix,Spain,Barcelona,6,Qualifying,False,False
0 days 01:05:53.844000,RUS,63,,9.0,4.0,0 days 01:03:58.740000,,,0 days 00:00:39.369000,0 days 00:00:42.378000,,0 days 01:05:11.524000,0 days 01:05:53.844000,206.0,197.0,284.0,119.0,False,SOFT,1.0,True,Mercedes,0 days 00:48:08.319000,2022-05-21 14:33:08.332,1,,,,False,False,2022,Spanish Grand Prix,Spain,Barcelona,6,Qualifying,False,False
0 days 01:07:13.447000,RUS,63,0 days 00:01:19.603000,10.0,4.0,,,0 days 00:00:22.022000,0 days 00:00:29.883000,0 days 00:00:27.698000,0 days 01:06:15.866000,0 days 01:06:45.749000,0 days 01:07:13.447000,285.0,297.0,281.0,320.0,True,SOFT,2.0,True,Mercedes,0 days 01:05:53.844000,2022-05-21 14:50:53.857,1,,,,False,True,2022,Spanish Grand Prix,Spain,Barcelona,6,Qualifying,False,False
0 days 01:08:57.751000,RUS,63,0 days 00:01:44.304000,11.0,4.0,,0 days 01:08:54.953000,0 days 00:00:27.168000,0 days 00:00:38.828000,0 days 00:00:38.308000,0 days 01:07:40.615000,0 days 01:08:19.443000,0 days 01:08:57.751000,200.0,195.0,,282.0,False,SOFT,3.0,True,Mercedes,0 days 01:07:13.447000,2022-05-21 14:52:13.460,1,,,,False,False,2022,Spanish Grand Prix,Spain,Barcelona,6,Qualifying,False,False
0 days 01:14:04.598000,RUS,63,,12.0,5.0,0 days 01:12:07.892000,,,0 days 00:00:40.446000,0 days 00:00:45.198000,,0 days 01:13:19.443000,0 days 01:14:04.769000,196.0,188.0,282.0,169.0,False,SOFT,1.0,True,Mercedes,0 days 01:08:57.751000,2022-05-21 14:53:57.764,1,,,,False,False,2022,Spanish Grand Prix,Spain,Barcelona,6,Qualifying,False,False
0 days 01:15:23.991000,RUS,63,0 days 00:01:19.393000,13.0,5.0,,,0 days 00:00:21.936000,0 days 00:00:29.735000,0 days 00:00:27.722000,0 days 01:14:26.534000,0 days 01:14:56.269000,0 days 01:15:23.991000,283.0,301.0,281.0,322.0,True,SOFT,2.0,True,Mercedes,0 days 01:14:04.598000,2022-05-21 14:59:04.611,1,,,,False,True,2022,Spanish Grand Prix,Spain,Barcelona,6,Qualifying,False,False
0 days 01:17:15.395000,RUS,63,,14.0,5.0,,0 days 01:17:15.395000,0 days 00:00:35.481000,0 days 00:00:38.221000,,0 days 01:15:59.565000,0 days 01:16:37.752000,,164.0,205.0,,134.0,False,SOFT,3.0,True,Mercedes,0 days 01:15:23.991000,2022-05-21 15:00:24.004,1,,,,False,False,2022,Spanish Grand Prix,Spain,Barcelona,6,Qualifying,False,False
0 days 00:19:40.805000,PER,11,,1.0,1.0,0 days 00:18:01.182000,,,0 days 00:00:37.169000,0 days 00:00:30.175000,,0 days 00:19:10.630000,0 days 00:19:40.806000,201.0,276.0,281.0,218.0,False,SOFT,1.0,True,Red Bull Racing,0 days 00:18:01.182000,2022-05-21 14:03:01.195,1,,,,False,False,2022,Spanish Grand Prix,Spain,Barcelona,6,Qualifying,False,False
0 days 00:21:01.252000,PER,11,0 days 00:01:20.447000,2.0,1.0,,,0 days 00:00:22.395000,0 days 00:00:30.118000,0 days 00:00:27.934000,0 days 00:20:03.200000,0 days 00:20:33.318000,0 days 00:21:01.252000,288.0,305.0,283.0,316.0,True,SOFT,2.0,True,Red Bull Racing,0 days 00:19:40.805000,2022-05-21 14:04:40.818,1,,,,False,True,2022,Spanish Grand Prix,Spain,Barcelona,6,Qualifying,False,False
0 days 00:23:24.993000,PER,11,0 days 00:02:23.741000,3.0,1.0,,0 days 00:22:44.743000,0 days 00:00:29.485000,0 days 00:00:37.269000,0 days 00:01:16.987000,0 days 00:21:30.737000,0 days 00:22:08.006000,0 days 00:23:24.993000,220.0,218.0,,265.0,False,SOFT,3.0,True,Red Bull Racing,0 days 00:21:01.252000,2022-05-21 14:06:01.265,1,,,,False,False,2022,Spanish Grand Prix,Spain,Barcelona,6,Qualifying,False,False
0 days 00:25:45.033000,PER,11,0 days 00:02:20.040000,4.0,2.0,0 days 00:23:53.122000,,0 days 00:01:04.208000,0 days 00:00:39.555000,0 days 00:00:36.277000,0 days 00:24:29.201000,0 days 00:25:08.756000,0 days 00:25:45.033000,133.0,231.0,284.0,113.0,False,SOFT,4.0,False,Red Bull Racing,0 days 00:23:24.993000,2022-05-21 14:08:25.006,1,,,,False,False,2022,Spanish Grand Prix,Spain,Barcelona,6,Qualifying,False,False
0 days 00:27:20.583000,PER,11,0 days 00:01:35.550000,5.0,2.0,,0 days 00:27:17.812000,0 days 00:00:22.178000,0 days 00:00:37.931000,0 days 00:00:35.441000,0 days 00:26:07.211000,0 days 00:26:45.142000,0 days 00:27:20.583000,289.0,223.0,,320.0,False,SOFT,5.0,False,Red Bull Racing,0 days 00:25:45.033000,2022-05-21 14:10:45.046,1,,,,False,False,2022,Spanish Grand Prix,Spain,Barcelona,6,Qualifying,False,False
0 days 00:45:49.713000,PER,11,,6.0,3.0,0 days 00:43:52.384000,,,0 days 00:00:39.608000,0 days 00:00:40.309000,,0 days 00:45:09.506000,0 days 00:45:49.728000,228.0,154.0,285.0,135.0,False,SOFT,1.0,True,Red Bull Racing,0 days 00:27:20.583000,2022-05-21 14:12:20.596,1,,,,False,False,2022,Spanish Grand Prix,Spain,Barcelona,6,Qualifying,False,False
0 days 00:47:09.543000,PER,11,0 days 00:01:19.830000,7.0,3.0,,,0 days 00:00:22.048000,0 days 00:00:29.954000,0 days 00:00:27.828000,0 days 00:46:11.761000,0 days 00:46:41.715000,0 days 00:47:09.543000,289.0,307.0,286.0,323.0,True,SOFT,2.0,True,Red Bull Racing,0 days 00:45:49.713000,2022-05-21 14:30:49.726,1,,,,False,True,2022,Spanish Grand Prix,Spain,Barcelona,6,Qualifying,False,False
0 days 00:48:51.775000,PER,11,0 days 00:01:42.232000,8.0,3.0,,0 days 00:48:48.999000,0 days 00:00:29.185000,0 days 00:00:36.669000,0 days 00:00:36.378000,0 days 00:47:38.728000,0 days 00:48:15.397000,0 days 00:48:51.775000,223.0,216.0,,276.0,False,SOFT,3.0,True,Red Bull Racing,0 days 00:47:09.543000,2022-05-21 14:32:09.556,1,,,,False,False,2022,Spanish Grand Prix,Spain,Barcelona,6,Qualifying,False,False
0 days 00:54:32.925000,PER,11,,9.0,4.0,0 days 00:52:29.129000,,,0 days 00:00:37.562000,0 days 00:00:52.332000,,0 days 00:53:40.622000,0 days 00:54:33.113000,194.0,247.0,284.0,168.0,False,SOFT,4.0,False,Red Bull Racing,0 days 00:48:51.775000,2022-05-21 14:33:51.788,1,,,,False,False,2022,Spanish Grand Prix,Spain,Barcelona,6,Qualifying,False,False
0 days 00:55:53.096000,PER,11,0 days 00:01:20.171000,10.0,4.0,,,0 days 00:00:22.273000,0 days 00:00:30.178000,0 days 00:00:27.720000,0 days 00:54:55.198000,0 days 00:55:25.376000,0 days 00:55:53.096000,289.0,305.0,284.0,320.0,False,SOFT,5.0,False,Red Bull Racing,0 days 00:54:32.925000,2022-05-21 14:39:32.938,1,,,,False,True,2022,Spanish Grand Prix,Spain,Barcelona,6,Qualifying,False,False
0 days 00:57:35.319000,PER,11,0 days 00:01:42.223000,11.0,4.0,,0 days 00:57:32.104000,0 days 00:00:29.471000,0 days 00:00:35.602000,0 days 00:00:37.150000,0 days 00:56:22.567000,0 days 00:56:58.169000,0 days 00:57:35.319000,212.0,222.0,,252.0,False,SOFT,6.0,False,Red Bull Racing,0 days 00:55:53.096000,2022-05-21 14:40:53.109,1,,,,False,False,2022,Spanish Grand Prix,Spain,Barcelona,6,Qualifying,False,False
0 days 01:06:06.219000,PER,11,,12.0,5.0,0 days 01:04:16.108000,,,0 days 00:00:37.557000,0 days 00:00:39.698000,,0 days 01:05:26.532000,0 days 01:06:06.254000,192.0,216.0,284.0,202.0,False,SOFT,1.0,True,Red Bull Racing,0 days 00:57:35.319000,2022-05-21 14:42:35.332,1,,,,False,False,2022,Spanish Grand Prix,Spain,Barcelona,6,Qualifying,False,False
0 days 01:07:25.705000,PER,11,0 days 00:01:19.486000,13.0,5.0,,,0 days 00:00:22.122000,0 days 00:00:29.762000,0 days 00:00:27.602000,0 days 01:06:28.341000,0 days 01:06:58.103000,0 days 01:07:25.705000,291.0,305.0,284.0,319.0,True,SOFT,2.0,True,Red Bull Racing,0 days 01:06:06.219000,2022-05-21 14:51:06.232,1,,,,False,True,2022,Spanish Grand Prix,Spain,Barcelona,6,Qualifying,False,False
0 days 01:09:08.563000,PER,11,0 days 00:01:42.858000,14.0,5.0,,0 days 01:09:05.693000,0 days 00:00:29.816000,0 days 00:00:36.133000,0 days 00:00:36.909000,0 days 01:07:55.521000,0 days 01:08:31.654000,0 days 01:09:08.563000,196.0,219.0,,253.0,False,SOFT,3.0,True,Red Bull Racing,0 days 01:07:25.705000,2022-05-21 14:52:25.718,1,,,,False,False,2022,Spanish Grand Prix,Spain,Barcelona,6,Qualifying,False,False
0 days 01:13:53.056000,PER,11,,15.0,6.0,0 days 01:11:52.863000,,,0 days 00:00:43.269000,0 days 00:00:41.038000,,0 days 01:13:12.018000,0 days 01:13:53.264000,177.0,251.0,284.0,141.0,False,SOFT,1.0,True,Red Bull Racing,0 days 01:09:08.563000,2022-05-21 14:54:08.576,1,,,,False,False,2022,Spanish Grand Prix,Spain,Barcelona,6,Qualifying,False,False
0 days 01:15:12.476000,PER,11,0 days 00:01:19.420000,16.0,6.0,,,0 days 00:00:22.194000,0 days 00:00:29.761000,0 days 00:00:27.465000,0 days 01:14:15.250000,0 days 01:14:45.011000,0 days 01:15:12.476000,289.0,306.0,285.0,320.0,True,SOFT,2.0,True,Red Bull Racing,0 days 01:13:53.056000,2022-05-21 14:58:53.069,1,,,,False,True,2022,Spanish Grand Prix,Spain,Barcelona,6,Qualifying,False,False
0 days 01:16:56.912000,PER,11,,17.0,6.0,,0 days 01:16:56.912000,0 days 00:00:32.149000,0 days 00:00:36.685000,,0 days 01:15:44.687000,0 days 01:16:21.337000,,196.0,225.0,,209.0,False,SOFT,3.0,True,Red Bull Racing,0 days 01:15:12.476000,2022-05-21 15:00:12.489,1,,,,False,False,2022,Spanish Grand Prix,Spain,Barcelona,6,Qualifying,False,False
0 days 00:23:02.589000,HAM,44,,1.0,1.0,0 days 00:21:09.497000,,,0 days 00:00:38.399000,0 days 00:00:37.583000,,0 days 00:22:25.006000,0 days 00:23:02.592000,202.0,230.0,282.0,183.0,False,SOFT,1.0,True,Mercedes,0 days 00:21:09.497000,2022-05-21 14:06:09.510,1,,,,False,False,2022,Spanish Grand Prix,Spain,Barcelona,6,Qualifying,False,False
0 days 00:24:22.841000,HAM,44,0 days 00:01:20.252000,2.0,1.0,,,0 days 00:00:22.161000,0 days 00:00:29.900000,0 days 00:00:28.191000,0 days 00:23:24.750000,0 days 00:23:54.650000,0 days 00:24:22.841000,289.0,307.0,282.0,320.0,True,SOFT,2.0,True,Mercedes,0 days 00:23:02.589000,2022-05-21 14:08:02.602,1,,,,False,True,2022,Spanish Grand Prix,Spain,Barcelona,6,Qualifying,False,False
0 days 00:26:06.342000,HAM,44,0 days 00:01:43.501000,3.0,1.0,,0 days 00:26:03.581000,0 days 00:00:32.212000,0 days 00:00:36.704000,0 days 00:00:34.585000,0 days 00:24:55.053000,0 days 00:25:31.757000,0 days 00:26:06.342000,190.0,227.0,,181.0,False,SOFT,3.0,True,Mercedes,0 days 00:24:22.841000,2022-05-21 14:09:22.854,1,,,,False,False,2022,Spanish Grand Prix,Spain,Barcelona,6,Qualifying,False,False
0 days 00:32:48.578000,HAM,44,,4.0,2.0,0 days 00:31:03.500000,,,0 days 00:00:34.253000,0 days 00:00:36.468000,,0 days 00:32:12.110000,0 days 00:32:48.830000,227.0,254.0,286.0,206.0,False,SOFT,4.0,False,Mercedes,0 days 00:26:06.342000,2022-05-21 14:11:06.355,1,,,,False,False,2022,Spanish Grand Prix,Spain,Barcelona,6,Qualifying,False,False
0 days 00:34:11.217000,HAM,44,0 days 00:01:22.639000,5.0,2.0,,,0 days 00:00:23.483000,0 days 00:00:30.566000,0 days 00:00:28.590000,0 days 00:33:12.061000,0 days 00:33:42.627000,0 days 00:34:11.217000,287.0,310.0,270.0,337.0,False,SOFT,5.0,False,Mercedes,0 days 00:32:48.578000,2022-05-21 14:17:48.591,1,,,,False,True,2022,Spanish Grand Prix,Spain,Barcelona,6,Qualifying,False,False
0 days 00:35:49.395000,HAM,44,0 days 00:01:38.178000,6.0,2.0,,0 days 00:35:46.606000,0 days 00:00:23.863000,0 days 00:00:33.846000,0 days 00:00:40.469000,0 days 00:34:35.080000,0 days 00:35:08.926000,0 days 00:35:49.395000,263.0,170.0,,291.0,False,SOFT,6.0,False,Mercedes,0 days 00:34:11.217000,2022-05-21 14:19:11.230,1,,,,False,False,2022,Spanish Grand Prix,Spain,Barcelona,6,Qualifying,False,False
0 days 00:44:55.707000,HAM,44,,7.0,3.0,0 days 00:43:03.793000,,,0 days 00:00:40.022000,0 days 00:00:32.376000,,0 days 00:44:23.331000,0 days 00:44:55.717000,195.0,218.0,282.0,129.0,False,SOFT,1.0,True,Mercedes,0 days 00:35:49.395000,2022-05-21 14:20:49.408,1,,,,False,False,2022,Spanish Grand Prix,Spain,Barcelona,6,Qualifying,False,False
0 days 00:46:15.501000,HAM,44,0 days 00:01:19.794000,8.0,3.0,,,0 days 00:00:22.115000,0 days 00:00:29.723000,0 days 00:00:27.956000,0 days 00:45:17.822000,0 days 00:45:47.545000,0 days 00:46:15.501000,288.0,307.0,283.0,319.0,True,SOFT,2.0,True,Mercedes,0 days 00:44:55.707000,2022-05-21 14:29:55.720,1,,,,False,True,2022,Spanish Grand Prix,Spain,Barcelona,6,Qualifying,False,False
0 days 00:48:21.202000,HAM,44,0 days 00:02:05.701000,9.0,3.0,,0 days 00:47:49.919000,0 days 00:00:30.751000,0 days 00:00:32.622000,0 days 00:01:02.328000,0 days 00:46:46.252000,0 days 00:47:18.874000,0 days 00:48:21.202000,243.0,240.0,,207.0,False,SOFT,3.0,True,Mercedes,0 days 00:46:15.501000,2022-05-21 14:31:15.514,1,,,,False,False,2022,Spanish Grand Prix,Spain,Barcelona,6,Qualifying,False,False
0 days 01:05:29.781000,HAM,44,,10.0,4.0,0 days 01:03:47.013000,,,0 days 00:00:39.906000,0 days 00:00:31.952000,,0 days 01:04:57.912000,0 days 01:05:29.935000,211.0,218.0,283.0,225.0,False,SOFT,1.0,True,Mercedes,0 days 00:48:21.202000,2022-05-21 14:33:21.215,1,,,,False,False,2022,Spanish Grand Prix,Spain,Barcelona,6,Qualifying,False,False
0 days 01:06:49.445000,HAM,44,0 days 00:01:19.664000,11.0,4.0,,,0 days 00:00:22.097000,0 days 00:00:29.614000,0 days 00:00:27.953000,0 days 01:05:51.878000,0 days 01:06:21.492000,0 days 01:06:49.445000,287.0,306.0,280.0,317.0,True,SOFT,2.0,True,Mercedes,0 days 01:05:29.781000,2022-05-21 14:50:29.794,1,,,,False,True,2022,Spanish Grand Prix,Spain,Barcelona,6,Qualifying,False,False
0 days 01:08:21.522000,HAM,44,0 days 00:01:32.077000,12.0,4.0,,0 days 01:08:18.721000,0 days 00:00:25.642000,0 days 00:00:33.554000,0 days 00:00:32.881000,0 days 01:07:15.087000,0 days 01:07:48.641000,0 days 01:08:21.522000,209.0,214.0,,297.0,False,SOFT,3.0,True,Mercedes,0 days 01:06:49.445000,2022-05-21 14:51:49.458,1,,,,False,False,2022,Spanish Grand Prix,Spain,Barcelona,6,Qualifying,False,False
0 days 01:13:36.096000,HAM,44,,13.0,5.0,0 days 01:11:44.907000,,,0 days 00:00:40.905000,0 days 00:00:35.083000,,0 days 01:13:01.083000,0 days 01:13:36.269000,211.0,195.0,281.0,146.0,False,SOFT,1.0,True,Mercedes,0 days 01:08:21.522000,2022-05-21 14:53:21.535,1,,,,False,False,2022,Spanish Grand Prix,Spain,Barcelona,6,Qualifying,False,False
0 days 01:14:55.608000,HAM,44,0 days 00:01:19.512000,14.0,5.0,,,0 days 00:00:22.095000,0 days 00:00:29.596000,0 days 00:00:27.821000,0 days 01:13:58.191000,0 days 01:14:27.787000,0 days 01:14:55.608000,287.0,306.0,280.0,318.0,True,SOFT,2.0,True,Mercedes,0 days 01:13:36.096000,2022-05-21 14:58:36.109,1,,,,False,True,2022,Spanish Grand Prix,Spain,Barcelona,6,Qualifying,False,False
0 days 01:16:36.676000,HAM,44,,15.0,5.0,,0 days 01:16:36.676000,0 days 00:00:27.585000,0 days 00:00:36.643000,,0 days 01:15:23.197000,0 days 01:15:59.919000,,211.0,189.0,,228.0,False,SOFT,3.0,True,Mercedes,0 days 01:14:55.608000,2022-05-21 14:59:55.621,1,,,,False,False,2022,Spanish Grand Prix,Spain,Barcelona,6,Qualifying,False,False
0 days 00:22:56.949000,BOT,77,,1.0,1.0,0 days 00:21:04.921000,,,0 days 00:00:44.888000,0 days 00:00:34.628000,,0 days 00:22:22.321000,0 days 00:22:57.139000,213.0,234.0,280.0,161.0,False,SOFT,1.0,True,Alfa Romeo,0 days 00:21:04.921000,2022-05-21 14:06:04.934,1,,,,False,False,2022,Spanish Grand Prix,Spain,Barcelona,6,Qualifying,False,False
0 days 00:24:17.304000,BOT,77,0 days 00:01:20.355000,2.0,1.0,,,0 days 00:00:22.345000,0 days 00:00:30.127000,0 days 00:00:27.883000,0 days 00:23:19.294000,0 days 00:23:49.421000,0 days 00:24:17.304000,286.0,302.0,283.0,318.0,True,SOFT,2.0,True,Alfa Romeo,0 days 00:22:56.949000,2022-05-21 14:07:56.962,1,,,,False,True,2022,Spanish Grand Prix,Spain,Barcelona,6,Qualifying,False,False
0 days 00:26:05.008000,BOT,77,0 days 00:01:47.704000,3.0,1.0,,0 days 00:26:02.241000,0 days 00:00:30.834000,0 days 00:00:40.642000,0 days 00:00:36.228000,0 days 00:24:48.138000,0 days 00:25:28.780000,0 days 00:26:05.008000,84.0,217.0,,208.0,False,SOFT,3.0,True,Alfa Romeo,0 days 00:24:17.304000,2022-05-21 14:09:17.317,1,,,,False,False,2022,Spanish Grand Prix,Spain,Barcelona,6,Qualifying,False,False
0 days 00:32:26.099000,BOT,77,,4.0,2.0,0 days 00:30:17.607000,,,0 days 00:00:43.299000,0 days 00:00:42.392000,,0 days 00:31:43.707000,0 days 00:32:26.299000,194.0,207.0,279.0,96.0,False,SOFT,4.0,False,Alfa Romeo,0 days 00:26:05.008000,2022-05-21 14:11:05.021,1,,,,False,False,2022,Spanish Grand Prix,Spain,Barcelona,6,Qualifying,False,False
0 days 00:33:46.546000,BOT,77,0 days 00:01:20.447000,5.0,2.0,,,0 days 00:00:22.409000,0 days 00:00:30.230000,0 days 00:00:27.808000,0 days 00:32:48.508000,0 days 00:33:18.738000,0 days 00:33:46.546000,285.0,305.0,285.0,319.0,False,SOFT,5.0,False,Alfa Romeo,0 days 00:32:26.099000,2022-05-21 14:17:26.112,1,,,,False,True,2022,Spanish Grand Prix,Spain,Barcelona,6,Qualifying,False,False
0 days 00:35:31.528000,BOT,77,0 days 00:01:44.982000,6.0,2.0,,0 days 00:35:28.788000,0 days 00:00:28.196000,0 days 00:00:37.027000,0 days 00:00:39.759000,0 days 00:34:14.742000,0 days 00:34:51.769000,0 days 00:35:31.528000,217.0,218.0,,233.0,False,SOFT,6.0,False,Alfa Romeo,0 days 00:33:46.546000,2022-05-21 14:18:46.559,1,,,,False,False,2022,Spanish Grand Prix,Spain,Barcelona,6,Qualifying,False,False
0 days 00:45:59.200000,BOT,77,,7.0,3.0,0 days 00:43:57.808000,,,0 days 00:00:44.475000,0 days 00:00:36.633000,,0 days 00:45:22.624000,0 days 00:45:59.271000,180.0,228.0,282.0,132.0,False,SOFT,1.0,True,Alfa Romeo,0 days 00:35:31.528000,2022-05-21 14:20:31.541,1,,,,False,False,2022,Spanish Grand Prix,Spain,Barcelona,6,Qualifying,False,False
0 days 00:47:19.253000,BOT,77,0 days 00:01:20.053000,8.0,3.0,,,0 days 00:00:22.198000,0 days 00:00:30.082000,0 days 00:00:27.773000,0 days 00:46:21.398000,0 days 00:46:51.480000,0 days 00:47:19.253000,286.0,303.0,285.0,321.0,True,SOFT,2.0,True,Alfa Romeo,0 days 00:45:59.200000,2022-05-21 14:30:59.213,1,,,,False,True,2022,Spanish Grand Prix,Spain,Barcelona,6,Qualifying,False,False
0 days 00:49:06.002000,BOT,77,0 days 00:01:46.749000,9.0,3.0,,0 days 00:49:03.218000,0 days 00:00:28.041000,0 days 00:00:39.380000,0 days 00:00:39.328000,0 days 00:47:47.294000,0 days 00:48:26.674000,0 days 00:49:06.002000,218.0,207.0,,241.0,False,SOFT,3.0,True,Alfa Romeo,0 days 00:47:19.253000,2022-05-21 14:32:19.266,1,,,,False,False,2022,Spanish Grand Prix,Spain,Barcelona,6,Qualifying,False,False
0 days 00:53:48.176000,BOT,77,,10.0,4.0,0 days 00:51:47.758000,,,0 days 00:00:44.244000,0 days 00:00:39.348000,,0 days 00:53:08.828000,0 days 00:53:48.346000,174.0,236.0,280.0,107.0,False,SOFT,4.0,False,Alfa Romeo,0 days 00:49:06.002000,2022-05-21 14:34:06.015,1,,,,False,False,2022,Spanish Grand Prix,Spain,Barcelona,6,Qualifying,False,False
0 days 00:55:08.646000,BOT,77,0 days 00:01:20.470000,11.0,4.0,,,0 days 00:00:22.431000,0 days 00:00:30.310000,0 days 00:00:27.729000,0 days 00:54:10.607000,0 days 00:54:40.917000,0 days 00:55:08.646000,287.0,300.0,282.0,317.0,False,SOFT,5.0,False,Alfa Romeo,0 days 00:53:48.176000,2022-05-21 14:38:48.189,1,,,,False,True,2022,Spanish Grand Prix,Spain,Barcelona,6,Qualifying,False,False
0 days 00:56:52.308000,BOT,77,0 days 00:01:43.662000,12.0,4.0,,0 days 00:56:49.561000,0 days 00:00:28.451000,0 days 00:00:37.032000,0 days 00:00:38.179000,0 days 00:55:37.097000,0 days 00:56:14.129000,0 days 00:56:52.308000,218.0,176.0,,221.0,False,SOFT,6.0,False,Alfa Romeo,0 days 00:55:08.646000,2022-05-21 14:40:08.659,1,,,,False,False,2022,Spanish Grand Prix,Spain,Barcelona,6,Qualifying,False,False
0 days 01:06:00.240000,BOT,77,,13.0,5.0,0 days 01:04:02.616000,,,0 days 00:00:47.038000,0 days 00:00:35.165000,,0 days 01:05:25.113000,0 days 01:06:00.334000,165.0,215.0,281.0,158.0,False,SOFT,1.0,True,Alfa Romeo,0 days 00:56:52.308000,2022-05-21 14:41:52.321,1,,,,False,False,2022,Spanish Grand Prix,Spain,Barcelona,6,Qualifying,False,False
0 days 01:07:20.096000,BOT,77,0 days 00:01:19.856000,14.0,5.0,,,0 days 00:00:22.262000,0 days 00:00:29.888000,0 days 00:00:27.706000,0 days 01:06:22.502000,0 days 01:06:52.390000,0 days 01:07:20.096000,287.0,302.0,283.0,316.0,True,SOFT,2.0,True,Alfa Romeo,0 days 01:06:00.240000,2022-05-21 14:51:00.253,1,,,,False,True,2022,Spanish Grand Prix,Spain,Barcelona,6,Qualifying,False,False
0 days 01:09:04.568000,BOT,77,0 days 00:01:44.472000,15.0,5.0,,0 days 01:09:01.809000,0 days 00:00:28.945000,0 days 00:00:36.817000,0 days 00:00:38.710000,0 days 01:07:49.041000,0 days 01:08:25.858000,0 days 01:09:04.568000,208.0,216.0,,232.0,False,SOFT,3.0,True,Alfa Romeo,0 days 01:07:20.096000,2022-05-21 14:52:20.109,1,,,,False,False,2022,Spanish Grand Prix,Spain,Barcelona,6,Qualifying,False,False
0 days 01:13:59.391000,BOT,77,,16.0,6.0,0 days 01:11:46.420000,,,0 days 00:00:46.526000,0 days 00:00:49.652000,,0 days 01:13:09.739000,0 days 01:13:59.602000,177.0,211.0,281.0,130.0,False,SOFT,1.0,True,Alfa Romeo,0 days 01:09:04.568000,2022-05-21 14:54:04.581,1,,,,False,False,2022,Spanish Grand Prix,Spain,Barcelona,6,Qualifying,False,False
0 days 01:15:18.999000,BOT,77,0 days 00:01:19.608000,17.0,6.0,,,0 days 00:00:22.245000,0 days 00:00:29.920000,0 days 00:00:27.443000,0 days 01:14:21.636000,0 days 01:14:51.556000,0 days 01:15:18.999000,285.0,304.0,284.0,318.0,True,SOFT,2.0,True,Alfa Romeo,0 days 01:13:59.391000,2022-05-21 14:58:59.404,1,,,,False,True,2022,Spanish Grand Prix,Spain,Barcelona,6,Qualifying,False,False
0 days 01:17:05.473000,BOT,77,,18.0,6.0,,0 days 01:17:05.473000,0 days 00:00:29.707000,0 days 00:00:38.003000,,0 days 01:15:48.734000,0 days 01:16:26.722000,,198.0,213.0,,208.0,False,SOFT,3.0,True,Alfa Romeo,0 days 01:15:18.999000,2022-05-21 15:00:19.012,1,,,,False,False,2022,Spanish Grand Prix,Spain,Barcelona,6,Qualifying,False,False
0 days 00:23:13.622000,MAG,20,,1.0,1.0,0 days 00:21:15.280000,,,0 days 00:00:42.426000,0 days 00:00:39.834000,,0 days 00:22:33.813000,0 days 00:23:13.791000,183.0,217.0,275.0,153.0,False,SOFT,1.0,True,Haas F1 Team,0 days 00:21:15.280000,2022-05-21 14:06:15.293,1,,,,False,False,2022,Spanish Grand Prix,Spain,Barcelona,6,Qualifying,False,False
0 days 00:24:34.592000,MAG,20,0 days 00:01:20.970000,2.0,1.0,,,0 days 00:00:22.852000,0 days 00:00:30.123000,0 days 00:00:27.995000,0 days 00:23:36.474000,0 days 00:24:06.597000,0 days 00:24:34.592000,287.0,304.0,285.0,297.0,True,SOFT,2.0,True,Haas F1 Team,0 days 00:23:13.622000,2022-05-21 14:08:13.635,1,,,,False,True,2022,Spanish Grand Prix,Spain,Barcelona,6,Qualifying,False,False
0 days 00:26:17.047000,MAG,20,0 days 00:01:42.455000,3.0,1.0,,0 days 00:26:14.188000,0 days 00:00:26.147000,0 days 00:00:35.640000,0 days 00:00:40.668000,0 days 00:25:00.739000,0 days 00:25:36.379000,0 days 00:26:17.047000,250.0,237.0,,287.0,False,SOFT,3.0,True,Haas F1 Team,0 days 00:24:34.592000,2022-05-21 14:09:34.605,1,,,,False,False,2022,Spanish Grand Prix,Spain,Barcelona,6,Qualifying,False,False
0 days 00:32:01.589000,MAG,20,,4.0,2.0,0 days 00:30:06.176000,,,0 days 00:00:45.971000,0 days 00:00:37.254000,,0 days 00:31:24.365000,0 days 00:32:01.776000,195.0,174.0,273.0,228.0,False,SOFT,1.0,True,Haas F1 Team,0 days 00:26:17.047000,2022-05-21 14:11:17.060,1,,,,False,False,2022,Spanish Grand Prix,Spain,Barcelona,6,Qualifying,False,False
0 days 00:33:21.816000,MAG,20,0 days 00:01:20.227000,5.0,2.0,,,0 days 00:00:22.452000,0 days 00:00:30.061000,0 days 00:00:27.714000,0 days 00:32:24.041000,0 days 00:32:54.102000,0 days 00:33:21.816000,288.0,302.0,286.0,320.0,True,SOFT,2.0,True,Haas F1 Team,0 days 00:32:01.589000,2022-05-21 14:17:01.602,1,,,,False,True,2022,Spanish Grand Prix,Spain,Barcelona,6,Qualifying,False,False
0 days 00:34:59.022000,MAG,20,0 days 00:01:37.206000,6.0,2.0,,0 days 00:34:56.261000,0 days 00:00:26.418000,0 days 00:00:34.608000,0 days 00:00:36.180000,0 days 00:33:48.234000,0 days 00:34:22.842000,0 days 00:34:59.022000,229.0,267.0,,307.0,False,SOFT,3.0,True,Haas F1 Team,0 days 00:33:21.816000,2022-05-21 14:18:21.829,1,,,,False,False,2022,Spanish Grand Prix,Spain,Barcelona,6,Qualifying,False,False
0 days 00:45:38.196000,MAG,20,,7.0,3.0,0 days 00:43:24.468000,,,0 days 00:00:43.381000,0 days 00:00:35.542000,,0 days 00:45:02.654000,0 days 00:45:38.259000,180.0,216.0,276.0,89.0,False,SOFT,1.0,True,Haas F1 Team,0 days 00:34:59.022000,2022-05-21 14:19:59.035,1,,,,False,False,2022,Spanish Grand Prix,Spain,Barcelona,6,Qualifying,False,False
0 days 00:46:58.625000,MAG,20,0 days 00:01:20.429000,8.0,3.0,,,0 days 00:00:22.172000,0 days 00:00:30.337000,0 days 00:00:27.920000,0 days 00:46:00.368000,0 days 00:46:30.705000,0 days 00:46:58.625000,290.0,300.0,282.0,323.0,True,SOFT,2.0,True,Haas F1 Team,0 days 00:45:38.196000,2022-05-21 14:30:38.209,1,,,,False,True,2022,Spanish Grand Prix,Spain,Barcelona,6,Qualifying,False,False
0 days 00:48:30.441000,MAG,20,0 days 00:01:31.816000,9.0,3.0,,0 days 00:48:27.671000,0 days 00:00:25.536000,0 days 00:00:33.301000,0 days 00:00:32.979000,0 days 00:47:24.161000,0 days 00:47:57.462000,0 days 00:48:30.441000,244.0,276.0,,309.0,False,SOFT,3.0,True,Haas F1 Team,0 days 00:46:58.625000,2022-05-21 14:31:58.638,1,,,,False,False,2022,Spanish Grand Prix,Spain,Barcelona,6,Qualifying,False,False
0 days 00:54:02.614000,MAG,20,,10.0,4.0,0 days 00:51:51.443000,,,0 days 00:00:47.676000,0 days 00:00:46.279000,,0 days 00:53:16.390000,0 days 00:54:02.800000,179.0,128.0,279.0,175.0,False,SOFT,1.0,True,Haas F1 Team,0 days 00:48:30.441000,2022-05-21 14:33:30.454,1,,,,False,False,2022,Spanish Grand Prix,Spain,Barcelona,6,Qualifying,False,False
0 days 00:55:22.424000,MAG,20,0 days 00:01:19.810000,11.0,4.0,,,0 days 00:00:22.239000,0 days 00:00:29.988000,0 days 00:00:27.583000,0 days 00:54:24.853000,0 days 00:54:54.841000,0 days 00:55:22.424000,289.0,304.0,285.0,320.0,True,SOFT,2.0,True,Haas F1 Team,0 days 00:54:02.614000,2022-05-21 14:39:02.627,1,,,,False,True,2022,Spanish Grand Prix,Spain,Barcelona,6,Qualifying,False,False
0 days 00:56:58.209000,MAG,20,0 days 00:01:35.785000,12.0,4.0,,0 days 00:56:55.388000,0 days 00:00:25.717000,0 days 00:00:35.458000,0 days 00:00:34.610000,0 days 00:55:48.141000,0 days 00:56:23.599000,0 days 00:56:58.209000,222.0,261.0,,302.0,False,SOFT,3.0,True,Haas F1 Team,0 days 00:55:22.424000,2022-05-21 14:40:22.437,1,,,,False,False,2022,Spanish Grand Prix,Spain,Barcelona,6,Qualifying,False,False
0 days 01:05:20.615000,MAG,20,,13.0,5.0,0 days 01:03:10.771000,,,0 days 00:00:51.717000,0 days 00:00:41.867000,,0 days 01:04:38.759000,0 days 01:05:20.615000,131.0,236.0,278.0,205.0,False,SOFT,4.0,False,Haas F1 Team,0 days 00:56:58.209000,2022-05-21 14:41:58.222,1,,,,False,False,2022,Spanish Grand Prix,Spain,Barcelona,6,Qualifying,False,False
0 days 01:06:41.966000,MAG,20,0 days 00:01:21.351000,14.0,5.0,,,0 days 00:00:22.581000,0 days 00:00:30.647000,0 days 00:00:28.123000,0 days 01:05:43.196000,0 days 01:06:13.843000,0 days 01:06:41.966000,287.0,287.0,283.0,317.0,True,SOFT,5.0,False,Haas F1 Team,0 days 01:05:20.615000,2022-05-21 14:50:20.628,1,,,,False,True,2022,Spanish Grand Prix,Spain,Barcelona,6,Qualifying,False,False
0 days 01:08:15.297000,MAG,20,0 days 00:01:33.331000,15.0,5.0,,0 days 01:08:12.522000,0 days 00:00:24.915000,0 days 00:00:33.805000,0 days 00:00:34.611000,0 days 01:07:06.881000,0 days 01:07:40.686000,0 days 01:08:15.297000,250.0,248.0,,312.0,False,SOFT,6.0,False,Haas F1 Team,0 days 01:06:41.966000,2022-05-21 14:51:41.979,1,,,,False,False,2022,Spanish Grand Prix,Spain,Barcelona,6,Qualifying,False,False
0 days 01:13:47.266000,MAG,20,,16.0,6.0,0 days 01:11:35.011000,,,0 days 00:00:48.302000,0 days 00:00:42.826000,,0 days 01:13:04.440000,0 days 01:13:47.440000,145.0,226.0,283.0,135.0,False,SOFT,1.0,True,Haas F1 Team,0 days 01:08:15.297000,2022-05-21 14:53:15.310,1,,,,False,False,2022,Spanish Grand Prix,Spain,Barcelona,6,Qualifying,False,False
0 days 01:15:06.948000,MAG,20,0 days 00:01:19.682000,17.0,6.0,,,0 days 00:00:22.115000,0 days 00:00:30.006000,0 days 00:00:27.561000,0 days 01:14:09.381000,0 days 01:14:39.387000,0 days 01:15:06.948000,288.0,300.0,278.0,322.0,True,SOFT,2.0,True,Haas F1 Team,0 days 01:13:47.266000,2022-05-21 14:58:47.279,1,,,,False,True,2022,Spanish Grand Prix,Spain,Barcelona,6,Qualifying,False,False
0 days 01:16:40.569000,MAG,20,,18.0,6.0,,0 days 01:16:40.569000,0 days 00:00:25.382000,0 days 00:00:34.779000,,0 days 01:15:32.382000,0 days 01:16:07.157000,,247.0,249.0,,307.0,False,SOFT,3.0,True,Haas F1 Team,0 days 01:15:06.948000,2022-05-21 15:00:06.961,1,,,,False,False,2022,Spanish Grand Prix,Spain,Barcelona,6,Qualifying,False,False
0 days 00:22:45.460000,RIC,3,,1.0,1.0,0 days 00:20:46.758000,,,0 days 00:00:45.263000,0 days 00:00:33.847000,,0 days 00:22:11.633000,0 days 00:22:45.473000,201.0,245.0,281.0,104.0,False,SOFT,1.0,True,McLaren,0 days 00:20:46.758000,2022-05-21 14:05:46.771,1,,,,False,False,2022,Spanish Grand Prix,Spain,Barcelona,6,Qualifying,False,False
0 days 00:24:06.735000,RIC,3,0 days 00:01:21.275000,2.0,1.0,,,0 days 00:00:22.425000,0 days 00:00:30.493000,0 days 00:00:28.357000,0 days 00:23:07.885000,0 days 00:23:38.378000,0 days 00:24:06.735000,287.0,299.0,278.0,316.0,True,SOFT,2.0,True,McLaren,0 days 00:22:45.460000,2022-05-21 14:07:45.473,1,,,,False,True,2022,Spanish Grand Prix,Spain,Barcelona,6,Qualifying,False,False
0 days 00:25:54.756000,RIC,3,0 days 00:01:48.021000,3.0,1.0,,0 days 00:25:51.991000,0 days 00:00:26.248000,0 days 00:00:36.688000,0 days 00:00:45.085000,0 days 00:24:32.983000,0 days 00:25:09.671000,0 days 00:25:54.756000,240.0,237.0,,295.0,False,SOFT,3.0,True,McLaren,0 days 00:24:06.735000,2022-05-21 14:09:06.748,1,,,,False,False,2022,Spanish Grand Prix,Spain,Barcelona,6,Qualifying,False,False
0 days 00:32:38.024000,RIC,3,,4.0,2.0,0 days 00:30:25.382000,,,0 days 00:00:38.222000,0 days 00:00:42.556000,,0 days 00:31:55.473000,0 days 00:32:38.170000,238.0,261.0,280.0,87.0,False,SOFT,1.0,True,McLaren,0 days 00:25:54.756000,2022-05-21 14:10:54.769,1,,,,False,False,2022,Spanish Grand Prix,Spain,Barcelona,6,Qualifying,False,False
0 days 00:33:58.573000,RIC,3,0 days 00:01:20.549000,5.0,2.0,,,0 days 00:00:22.251000,0 days 00:00:30.259000,0 days 00:00:28.039000,0 days 00:33:00.275000,0 days 00:33:30.534000,0 days 00:33:58.573000,280.0,302.0,278.0,319.0,True,SOFT,2.0,True,McLaren,0 days 00:32:38.024000,2022-05-21 14:17:38.037,1,,,,False,True,2022,Spanish Grand Prix,Spain,Barcelona,6,Qualifying,False,False
0 days 00:35:42.385000,RIC,3,0 days 00:01:43.812000,6.0,2.0,,0 days 00:35:39.607000,0 days 00:00:28.636000,0 days 00:00:36.934000,0 days 00:00:38.242000,0 days 00:34:27.209000,0 days 00:35:04.143000,0 days 00:35:42.385000,237.0,227.0,,286.0,False,SOFT,3.0,True,McLaren,0 days 00:33:58.573000,2022-05-21 14:18:58.586,1,,,,False,False,2022,Spanish Grand Prix,Spain,Barcelona,6,Qualifying,False,False
0 days 00:45:44.497000,RIC,3,,7.0,3.0,0 days 00:43:37.102000,,,0 days 00:00:38.534000,0 days 00:00:40.904000,,0 days 00:45:03.723000,0 days 00:45:44.497000,233.0,204.0,283.0,124.0,False,SOFT,1.0,True,McLaren,0 days 00:35:42.385000,2022-05-21 14:20:42.398,1,,,,False,False,2022,Spanish Grand Prix,Spain,Barcelona,6,Qualifying,False,False
0 days 00:47:05.249000,RIC,3,0 days 00:01:20.752000,8.0,3.0,,,0 days 00:00:22.179000,0 days 00:00:30.334000,0 days 00:00:28.239000,0 days 00:46:06.676000,0 days 00:46:37.010000,0 days 00:47:05.249000,284.0,296.0,278.0,321.0,True,SOFT,2.0,True,McLaren,0 days 00:45:44.497000,2022-05-21 14:30:44.510,1,,,,False,True,2022,Spanish Grand Prix,Spain,Barcelona,6,Qualifying,False,False
0 days 00:48:39.712000,RIC,3,0 days 00:01:34.463000,9.0,3.0,,0 days 00:48:36.948000,0 days 00:00:25.171000,0 days 00:00:33.793000,0 days 00:00:35.499000,0 days 00:47:30.420000,0 days 00:48:04.213000,0 days 00:48:39.712000,244.0,252.0,,294.0,False,SOFT,3.0,True,McLaren,0 days 00:47:05.249000,2022-05-21 14:32:05.262,1,,,,False,False,2022,Spanish Grand Prix,Spain,Barcelona,6,Qualifying,False,False
0 days 00:54:13.516000,RIC,3,,10.0,4.0,0 days 00:52:00.773000,,,0 days 00:00:40.842000,0 days 00:00:51.071000,,0 days 00:53:22.483000,0 days 00:54:13.668000,211.0,163.0,281.0,149.0,False,SOFT,1.0,True,McLaren,0 days 00:48:39.712000,2022-05-21 14:33:39.725,1,,,,False,False,2022,Spanish Grand Prix,Spain,Barcelona,6,Qualifying,False,False
0 days 00:55:33.803000,RIC,3,0 days 00:01:20.287000,11.0,4.0,,,0 days 00:00:22.243000,0 days 00:00:30.158000,0 days 00:00:27.886000,0 days 00:54:35.759000,0 days 00:55:05.917000,0 days 00:55:33.803000,281.0,302.0,277.0,316.0,True,SOFT,2.0,True,McLaren,0 days 00:54:13.516000,2022-05-21 14:39:13.529,1,,,,False,True,2022,Spanish Grand Prix,Spain,Barcelona,6,Qualifying,False,False
0 days 00:57:17.779000,RIC,3,0 days 00:01:43.976000,12.0,4.0,,0 days 00:57:14.982000,0 days 00:00:28.747000,0 days 00:00:36.936000,0 days 00:00:38.293000,0 days 00:56:02.550000,0 days 00:56:39.486000,0 days 00:57:17.779000,240.0,231.0,,291.0,False,SOFT,3.0,True,McLaren,0 days 00:55:33.803000,2022-05-21 14:40:33.816,1,,,,False,False,2022,Spanish Grand Prix,Spain,Barcelona,6,Qualifying,False,False
0 days 01:06:29.331000,RIC,3,,13.0,5.0,0 days 01:04:39.922000,,,0 days 00:00:41.394000,0 days 00:00:33.045000,,0 days 01:05:56.312000,0 days 01:06:29.349000,202.0,234.0,282.0,153.0,False,SOFT,1.0,True,McLaren,0 days 00:57:17.779000,2022-05-21 14:42:17.792,1,,,,False,False,2022,Spanish Grand Prix,Spain,Barcelona,6,Qualifying,False,False
0 days 01:07:49.628000,RIC,3,0 days 00:01:20.297000,14.0,5.0,,,0 days 00:00:22.190000,0 days 00:00:30.240000,0 days 00:00:27.867000,0 days 01:06:51.521000,0 days 01:07:21.761000,0 days 01:07:49.628000,281.0,303.0,276.0,316.0,True,SOFT,2.0,True,McLaren,0 days 01:06:29.331000,2022-05-21 14:51:29.344,1,,,,False,True,2022,Spanish Grand Prix,Spain,Barcelona,6,Qualifying,False,False
0 days 01:09:37.307000,RIC,3,0 days 00:01:47.679000,15.0,5.0,,0 days 01:09:34.524000,0 days 00:00:27.084000,0 days 00:00:40.194000,0 days 00:00:40.401000,0 days 01:08:16.712000,0 days 01:08:56.906000,0 days 01:09:37.307000,233.0,191.0,,291.0,False,SOFT,3.0,True,McLaren,0 days 01:07:49.628000,2022-05-21 14:52:49.641,1,,,,False,False,2022,Spanish Grand Prix,Spain,Barcelona,6,Qualifying,False,False
0 days 00:24:04.066000,MSC,47,,1.0,1.0,0 days 00:22:11.633000,,,0 days 00:00:43.413000,0 days 00:00:37.929000,,0 days 00:23:26.139000,0 days 00:24:04.066000,233.0,151.0,283.0,176.0,False,SOFT,1.0,True,Haas F1 Team,0 days 00:22:11.633000,2022-05-21 14:07:11.646,1,,,,False,False,2022,Spanish Grand Prix,Spain,Barcelona,6,Qualifying,False,False
0 days 00:25:26.403000,MSC,47,0 days 00:01:22.337000,2.0,1.0,,,0 days 00:00:22.770000,0 days 00:00:30.758000,0 days 00:00:28.809000,0 days 00:24:26.836000,0 days 00:24:57.594000,0 days 00:25:26.403000,286.0,305.0,285.0,321.0,True,SOFT,2.0,True,Haas F1 Team,0 days 00:24:04.066000,2022-05-21 14:09:04.079,1,,,,False,True,2022,Spanish Grand Prix,Spain,Barcelona,6,Qualifying,False,False
0 days 00:26:56.883000,MSC,47,0 days 00:01:30.480000,3.0,1.0,,0 days 00:26:54.076000,0 days 00:00:24.279000,0 days 00:00:32.838000,0 days 00:00:33.363000,0 days 00:25:50.682000,0 days 00:26:23.520000,0 days 00:26:56.883000,256.0,271.0,,303.0,False,SOFT,3.0,True,Haas F1 Team,0 days 00:25:26.403000,2022-05-21 14:10:26.416,1,,,,False,False,2022,Spanish Grand Prix,Spain,Barcelona,6,Qualifying,False,False
0 days 00:31:54.675000,MSC,47,,4.0,2.0,0 days 00:29:58.645000,,,0 days 00:00:45.330000,0 days 00:00:39.041000,,0 days 00:31:15.685000,0 days 00:31:54.824000,185.0,162.0,282.0,183.0,False,SOFT,1.0,True,Haas F1 Team,0 days 00:26:56.883000,2022-05-21 14:11:56.896,1,,,,False,False,2022,Spanish Grand Prix,Spain,Barcelona,6,Qualifying,False,False
0 days 00:33:15.358000,MSC,47,0 days 00:01:20.683000,5.0,2.0,,,0 days 00:00:22.365000,0 days 00:00:30.430000,0 days 00:00:27.888000,0 days 00:32:17.040000,0 days 00:32:47.470000,0 days 00:33:15.358000,284.0,303.0,286.0,321.0,True,SOFT,2.0,True,Haas F1 Team,0 days 00:31:54.675000,2022-05-21 14:16:54.688,1,,,,False,True,2022,Spanish Grand Prix,Spain,Barcelona,6,Qualifying,False,False
0 days 00:34:55.239000,MSC,47,0 days 00:01:39.881000,6.0,2.0,,0 days 00:34:52.419000,0 days 00:00:27.113000,0 days 00:00:35.558000,0 days 00:00:37.210000,0 days 00:33:42.471000,0 days 00:34:18.029000,0 days 00:34:55.239000,211.0,207.0,,277.0,False,SOFT,3.0,True,Haas F1 Team,0 days 00:33:15.358000,2022-05-21 14:18:15.371,1,,,,False,False,2022,Spanish Grand Prix,Spain,Barcelona,6,Qualifying,False,False
0 days 00:45:07.998000,MSC,47,,7.0,3.0,0 days 00:43:02.218000,,,0 days 00:00:48.093000,0 days 00:00:37.895000,,0 days 00:44:30.174000,0 days 00:45:08.002000,134.0,134.0,285.0,148.0,False,SOFT,1.0,True,Haas F1 Team,0 days 00:34:55.239000,2022-05-21 14:19:55.252,1,,,,False,False,2022,Spanish Grand Prix,Spain,Barcelona,6,Qualifying,False,False
0 days 00:46:28.434000,MSC,47,0 days 00:01:20.436000,8.0,3.0,,,0 days 00:00:22.304000,0 days 00:00:30.092000,0 days 00:00:28.040000,0 days 00:45:30.302000,0 days 00:46:00.394000,0 days 00:46:28.434000,286.0,310.0,288.0,324.0,True,SOFT,2.0,True,Haas F1 Team,0 days 00:45:07.998000,2022-05-21 14:30:08.011,1,,,,False,True,2022,Spanish Grand Prix,Spain,Barcelona,6,Qualifying,False,False
0 days 00:48:09.927000,MSC,47,0 days 00:01:41.493000,9.0,3.0,,0 days 00:48:07.163000,0 days 00:00:24.814000,0 days 00:00:37.772000,0 days 00:00:38.907000,0 days 00:46:53.248000,0 days 00:47:31.020000,0 days 00:48:09.927000,201.0,215.0,,306.0,False,SOFT,3.0,True,Haas F1 Team,0 days 00:46:28.434000,2022-05-21 14:31:28.447,1,,,,False,False,2022,Spanish Grand Prix,Spain,Barcelona,6,Qualifying,False,False
0 days 00:53:43.330000,MSC,47,,10.0,4.0,0 days 00:51:42.923000,,,0 days 00:00:43.817000,0 days 00:00:37.080000,,0 days 00:53:06.267000,0 days 00:53:43.510000,164.0,204.0,283.0,100.0,False,SOFT,1.0,True,Haas F1 Team,0 days 00:48:09.927000,2022-05-21 14:33:09.940,1,,,,False,False,2022,Spanish Grand Prix,Spain,Barcelona,6,Qualifying,False,False
0 days 00:55:03.898000,MSC,47,0 days 00:01:20.568000,11.0,4.0,,,0 days 00:00:22.372000,0 days 00:00:30.285000,0 days 00:00:27.911000,0 days 00:54:05.702000,0 days 00:54:35.987000,0 days 00:55:03.898000,288.0,298.0,286.0,322.0,False,SOFT,2.0,True,Haas F1 Team,0 days 00:53:43.330000,2022-05-21 14:38:43.343,1,,,,False,True,2022,Spanish Grand Prix,Spain,Barcelona,6,Qualifying,False,False
0 days 00:56:49.863000,MSC,47,0 days 00:01:45.965000,12.0,4.0,,0 days 00:56:47.068000,0 days 00:00:25.936000,0 days 00:00:43.038000,0 days 00:00:36.991000,0 days 00:55:29.834000,0 days 00:56:12.872000,0 days 00:56:49.863000,202.0,185.0,,302.0,False,SOFT,3.0,True,Haas F1 Team,0 days 00:55:03.898000,2022-05-21 14:40:03.911,1,,,,False,False,2022,Spanish Grand Prix,Spain,Barcelona,6,Qualifying,False,False
0 days 01:05:15.237000,MSC,47,,13.0,5.0,0 days 01:03:07.566000,,,0 days 00:00:49.956000,0 days 00:00:39.063000,,0 days 01:04:36.201000,0 days 01:05:15.284000,148.0,223.0,282.0,165.0,False,SOFT,4.0,False,Haas F1 Team,0 days 00:56:49.863000,2022-05-21 14:41:49.876,1,,,,False,False,2022,Spanish Grand Prix,Spain,Barcelona,6,Qualifying,False,False
0 days 01:06:37.010000,MSC,47,0 days 00:01:21.773000,14.0,5.0,,,0 days 00:00:22.880000,0 days 00:00:30.667000,0 days 00:00:28.226000,0 days 01:05:38.117000,0 days 01:06:08.784000,0 days 01:06:37.010000,284.0,301.0,286.0,317.0,True,SOFT,5.0,False,Haas F1 Team,0 days 01:05:15.237000,2022-05-21 14:50:15.250,1,,,,False,True,2022,Spanish Grand Prix,Spain,Barcelona,6,Qualifying,False,False
0 days 01:08:11.687000,MSC,47,0 days 00:01:34.677000,15.0,5.0,,0 days 01:08:08.919000,0 days 00:00:24.950000,0 days 00:00:34.431000,0 days 00:00:35.296000,0 days 01:07:01.960000,0 days 01:07:36.391000,0 days 01:08:11.687000,224.0,215.0,,310.0,False,SOFT,6.0,False,Haas F1 Team,0 days 01:06:37.010000,2022-05-21 14:51:37.023,1,,,,False,False,2022,Spanish Grand Prix,Spain,Barcelona,6,Qualifying,False,False
0 days 01:13:42.787000,MSC,47,,16.0,6.0,0 days 01:11:31.262000,,,0 days 00:00:49.428000,0 days 00:00:40.251000,,0 days 01:13:02.536000,0 days 01:13:42.968000,132.0,208.0,283.0,121.0,False,SOFT,1.0,True,Haas F1 Team,0 days 01:08:11.687000,2022-05-21 14:53:11.700,1,,,,False,False,2022,Spanish Grand Prix,Spain,Barcelona,6,Qualifying,False,False
0 days 01:15:03.155000,MSC,47,0 days 00:01:20.368000,17.0,6.0,,,0 days 00:00:22.275000,0 days 00:00:30.205000,0 days 00:00:27.888000,0 days 01:14:05.062000,0 days 01:14:35.267000,0 days 01:15:03.155000,286.0,306.0,286.0,321.0,True,SOFT,2.0,True,Haas F1 Team,0 days 01:13:42.787000,2022-05-21 14:58:42.800,1,,,,False,True,2022,Spanish Grand Prix,Spain,Barcelona,6,Qualifying,False,False
0 days 01:16:47.227000,MSC,47,,18.0,6.0,,0 days 01:16:47.227000,0 days 00:00:26.911000,0 days 00:00:37.424000,,0 days 01:15:30.091000,0 days 01:16:07.443000,,227.0,181.0,,304.0,False,SOFT,3.0,True,Haas F1 Team,0 days 01:15:03.155000,2022-05-21 15:00:03.168,1,,,,False,False,2022,Spanish Grand Prix,Spain,Barcelona,6,Qualifying,False,False
0 days 00:22:32.791000,NOR,4,,1.0,1.0,0 days 00:20:31.910000,,,0 days 00:00:40.625000,0 days 00:00:37.067000,,0 days 00:21:55.724000,0 days 00:22:32.819000,177.0,187.0,281.0,94.0,False,SOFT,1.0,True,McLaren,0 days 00:20:31.910000,2022-05-21 14:05:31.923,1,,,,False,False,2022,Spanish Grand Prix,Spain,Barcelona,6,Qualifying,False,False
0 days 00:23:53.629000,NOR,4,0 days 00:01:20.838000,2.0,1.0,,,0 days 00:00:22.384000,0 days 00:00:30.304000,0 days 00:00:28.150000,0 days 00:22:55.175000,0 days 00:23:25.479000,0 days 00:23:53.629000,281.0,296.0,278.0,317.0,True,SOFT,2.0,True,McLaren,0 days 00:22:32.791000,2022-05-21 14:07:32.804,1,,,,False,True,2022,Spanish Grand Prix,Spain,Barcelona,6,Qualifying,False,False
0 days 00:25:41.114000,NOR,4,0 days 00:01:47.485000,3.0,1.0,,0 days 00:25:38.390000,0 days 00:00:33.560000,0 days 00:00:38.616000,0 days 00:00:35.309000,0 days 00:24:27.189000,0 days 00:25:05.805000,0 days 00:25:41.114000,97.0,227.0,,274.0,False,SOFT,3.0,True,McLaren,0 days 00:23:53.629000,2022-05-21 14:08:53.642,1,,,,False,False,2022,Spanish Grand Prix,Spain,Barcelona,6,Qualifying,False,False
0 days 00:32:47.795000,NOR,4,,4.0,2.0,0 days 00:30:34.067000,,,0 days 00:00:37.953000,0 days 00:00:36.282000,,0 days 00:32:11.517000,0 days 00:32:47.997000,184.0,224.0,282.0,91.0,False,SOFT,1.0,True,McLaren,0 days 00:25:41.114000,2022-05-21 14:10:41.127,1,,,,False,False,2022,Spanish Grand Prix,Spain,Barcelona,6,Qualifying,False,False
0 days 00:34:10.681000,NOR,4,0 days 00:01:22.886000,5.0,2.0,,,0 days 00:00:22.163000,0 days 00:00:30.301000,0 days 00:00:30.422000,0 days 00:33:09.958000,0 days 00:33:40.259000,0 days 00:34:10.681000,284.0,293.0,240.0,318.0,False,SOFT,2.0,True,McLaren,0 days 00:32:47.795000,2022-05-21 14:17:47.808,1,,,,False,True,2022,Spanish Grand Prix,Spain,Barcelona,6,Qualifying,False,False
0 days 00:35:56.288000,NOR,4,0 days 00:01:45.607000,6.0,2.0,,0 days 00:35:53.482000,0 days 00:00:29.062000,0 days 00:00:38.644000,0 days 00:00:37.901000,0 days 00:34:39.743000,0 days 00:35:18.387000,0 days 00:35:56.288000,195.0,180.0,,254.0,False,SOFT,3.0,True,McLaren,0 days 00:34:10.681000,2022-05-21 14:19:10.694,1,,,,False,False,2022,Spanish Grand Prix,Spain,Barcelona,6,Qualifying,False,False
0 days 00:45:26.724000,NOR,4,,7.0,3.0,0 days 00:43:20.930000,,,0 days 00:00:42.409000,0 days 00:00:36.610000,,0 days 00:44:50.218000,0 days 00:45:26.756000,167.0,213.0,283.0,107.0,False,SOFT,1.0,True,McLaren,0 days 00:35:56.288000,2022-05-21 14:20:56.301,1,,,,False,False,2022,Spanish Grand Prix,Spain,Barcelona,6,Qualifying,False,False
0 days 00:46:47.195000,NOR,4,0 days 00:01:20.471000,8.0,3.0,,,0 days 00:00:22.088000,0 days 00:00:30.153000,0 days 00:00:28.230000,0 days 00:45:48.812000,0 days 00:46:18.965000,0 days 00:46:47.195000,282.0,298.0,282.0,320.0,True,SOFT,2.0,True,McLaren,0 days 00:45:26.724000,2022-05-21 14:30:26.737,1,,,,False,True,2022,Spanish Grand Prix,Spain,Barcelona,6,Qualifying,False,False
0 days 00:48:27.308000,NOR,4,0 days 00:01:40.113000,9.0,3.0,,0 days 00:48:24.543000,0 days 00:00:28.986000,0 days 00:00:35.859000,0 days 00:00:35.268000,0 days 00:47:16.181000,0 days 00:47:52.040000,0 days 00:48:27.308000,203.0,189.0,,276.0,False,SOFT,3.0,True,McLaren,0 days 00:46:47.195000,2022-05-21 14:31:47.208,1,,,,False,False,2022,Spanish Grand Prix,Spain,Barcelona,6,Qualifying,False,False
0 days 00:54:20.737000,NOR,4,,10.0,4.0,0 days 00:52:08.615000,,,0 days 00:00:43.523000,0 days 00:00:51.269000,,0 days 00:53:29.568000,0 days 00:54:20.951000,173.0,182.0,282.0,143.0,False,SOFT,1.0,True,McLaren,0 days 00:48:27.308000,2022-05-21 14:33:27.321,1,,,,False,False,2022,Spanish Grand Prix,Spain,Barcelona,6,Qualifying,False,False
0 days 00:55:40.714000,NOR,4,0 days 00:01:19.977000,11.0,4.0,,,0 days 00:00:22.218000,0 days 00:00:29.991000,0 days 00:00:27.768000,0 days 00:54:42.955000,0 days 00:55:12.946000,0 days 00:55:40.714000,281.0,299.0,278.0,315.0,False,SOFT,2.0,True,McLaren,0 days 00:54:20.737000,2022-05-21 14:39:20.750,1,,,,False,True,2022,Spanish Grand Prix,Spain,Barcelona,6,Qualifying,False,False
0 days 00:57:25.079000,NOR,4,0 days 00:01:44.365000,12.0,4.0,,0 days 00:57:22.363000,0 days 00:00:30.209000,0 days 00:00:37.764000,0 days 00:00:36.392000,0 days 00:56:10.923000,0 days 00:56:48.687000,0 days 00:57:25.079000,192.0,195.0,,252.0,False,SOFT,3.0,True,McLaren,0 days 00:55:40.714000,2022-05-21 14:40:40.727,1,,,,False,False,2022,Spanish Grand Prix,Spain,Barcelona,6,Qualifying,False,False
0 days 00:23:57.778000,OCO,31,,1.0,1.0,0 days 00:22:08.434000,,,0 days 00:00:40.073000,0 days 00:00:36.156000,,0 days 00:23:21.646000,0 days 00:23:57.779000,215.0,251.0,283.0,140.0,False,SOFT,1.0,True,Alpine,0 days 00:22:08.434000,2022-05-21 14:07:08.447,1,,,,False,False,2022,Spanish Grand Prix,Spain,Barcelona,6,Qualifying,False,False
0 days 00:25:18.658000,OCO,31,0 days 00:01:20.880000,2.0,1.0,,,0 days 00:00:22.376000,0 days 00:00:30.360000,0 days 00:00:28.144000,0 days 00:24:20.154000,0 days 00:24:50.514000,0 days 00:25:18.658000,287.0,302.0,283.0,318.0,True,SOFT,2.0,True,Alpine,0 days 00:23:57.778000,2022-05-21 14:08:57.791,1,,,,False,True,2022,Spanish Grand Prix,Spain,Barcelona,6,Qualifying,False,False
0 days 00:26:59.788000,OCO,31,0 days 00:01:41.130000,3.0,1.0,,0 days 00:26:57.029000,0 days 00:00:25.704000,0 days 00:00:37.099000,0 days 00:00:38.327000,0 days 00:25:44.362000,0 days 00:26:21.461000,0 days 00:26:59.788000,217.0,202.0,,295.0,False,SOFT,3.0,True,Alpine,0 days 00:25:18.658000,2022-05-21 14:10:18.671,1,,,,False,False,2022,Spanish Grand Prix,Spain,Barcelona,6,Qualifying,False,False
0 days 00:45:32.277000,OCO,31,,4.0,2.0,0 days 00:43:22.730000,,,0 days 00:00:40.123000,0 days 00:00:37.692000,,0 days 00:44:54.623000,0 days 00:45:32.277000,202.0,225.0,283.0,107.0,False,SOFT,1.0,True,Alpine,0 days 00:26:59.788000,2022-05-21 14:11:59.801,1,,,,False,False,2022,Spanish Grand Prix,Spain,Barcelona,6,Qualifying,False,False
0 days 00:46:53.314000,OCO,31,0 days 00:01:21.037000,5.0,2.0,,,0 days 00:00:22.265000,0 days 00:00:30.296000,0 days 00:00:28.476000,0 days 00:45:54.542000,0 days 00:46:24.838000,0 days 00:46:53.314000,288.0,303.0,282.0,322.0,True,SOFT,2.0,True,Alpine,0 days 00:45:32.277000,2022-05-21 14:30:32.290,1,,,,False,True,2022,Spanish Grand Prix,Spain,Barcelona,6,Qualifying,False,False
0 days 00:48:37.287000,OCO,31,0 days 00:01:43.973000,6.0,2.0,,0 days 00:48:34.503000,0 days 00:00:26.201000,0 days 00:00:38.434000,0 days 00:00:39.338000,0 days 00:47:19.515000,0 days 00:47:57.949000,0 days 00:48:37.287000,209.0,189.0,,297.0,False,SOFT,3.0,True,Alpine,0 days 00:46:53.314000,2022-05-21 14:31:53.327,1,,,,False,False,2022,Spanish Grand Prix,Spain,Barcelona,6,Qualifying,False,False
0 days 00:53:31.343000,OCO,31,,7.0,3.0,0 days 00:51:45.457000,,,0 days 00:00:37.348000,0 days 00:00:33.408000,,0 days 00:52:57.982000,0 days 00:53:31.513000,195.0,221.0,281.0,139.0,False,SOFT,1.0,True,Alpine,0 days 00:48:37.287000,2022-05-21 14:33:37.300,1,,,,False,False,2022,Spanish Grand Prix,Spain,Barcelona,6,Qualifying,False,False
0 days 00:54:51.981000,OCO,31,0 days 00:01:20.638000,8.0,3.0,,,0 days 00:00:22.353000,0 days 00:00:30.389000,0 days 00:00:27.896000,0 days 00:53:53.696000,0 days 00:54:24.085000,0 days 00:54:51.981000,282.0,302.0,282.0,316.0,True,SOFT,2.0,True,Alpine,0 days 00:53:31.343000,2022-05-21 14:38:31.356,1,,,,False,True,2022,Spanish Grand Prix,Spain,Barcelona,6,Qualifying,False,False
0 days 00:57:10.967000,OCO,31,0 days 00:02:18.986000,9.0,3.0,,0 days 00:56:39.161000,0 days 00:00:27.175000,0 days 00:00:41.236000,0 days 00:01:10.575000,0 days 00:55:19.156000,0 days 00:56:00.392000,0 days 00:57:10.967000,205.0,169.0,,293.0,False,SOFT,3.0,True,Alpine,0 days 00:54:51.981000,2022-05-21 14:39:51.994,1,,,,False,False,2022,Spanish Grand Prix,Spain,Barcelona,6,Qualifying,False,False
0 days 00:17:28.412000,TSU,22,,1.0,1.0,0 days 00:15:50.857000,,,0 days 00:00:35.369000,0 days 00:00:32.396000,,0 days 00:16:56.034000,0 days 00:17:28.435000,221.0,243.0,280.0,201.0,False,SOFT,1.0,True,AlphaTauri,0 days 00:15:50.857000,2022-05-21 14:00:50.870,1,,,,False,False,2022,Spanish Grand Prix,Spain,Barcelona,6,Qualifying,False,False
0 days 00:18:50.248000,TSU,22,0 days 00:01:21.836000,2.0,1.0,,,0 days 00:00:22.643000,0 days 00:00:30.850000,0 days 00:00:28.343000,0 days 00:17:51.055000,0 days 00:18:21.905000,0 days 00:18:50.248000,286.0,296.0,283.0,316.0,True,SOFT,2.0,True,AlphaTauri,0 days 00:17:28.412000,2022-05-21 14:02:28.425,1,,,,False,True,2022,Spanish Grand Prix,Spain,Barcelona,6,Qualifying,False,False
0 days 00:20:28.770000,TSU,22,0 days 00:01:38.522000,3.0,1.0,,0 days 00:20:26.004000,0 days 00:00:26.743000,0 days 00:00:35.835000,0 days 00:00:35.944000,0 days 00:19:16.991000,0 days 00:19:52.826000,0 days 00:20:28.770000,191.0,229.0,,296.0,False,SOFT,3.0,True,AlphaTauri,0 days 00:18:50.248000,2022-05-21 14:03:50.261,1,,,,False,False,2022,Spanish Grand Prix,Spain,Barcelona,6,Qualifying,False,False
0 days 00:25:06.227000,TSU,22,,4.0,2.0,0 days 00:23:26.936000,,,0 days 00:00:37.280000,0 days 00:00:32.144000,,0 days 00:24:34.092000,0 days 00:25:06.414000,216.0,224.0,283.0,170.0,False,SOFT,1.0,True,AlphaTauri,0 days 00:20:28.770000,2022-05-21 14:05:28.783,1,,,,False,False,2022,Spanish Grand Prix,Spain,Barcelona,6,Qualifying,False,False
0 days 00:26:27.377000,TSU,22,0 days 00:01:21.150000,5.0,2.0,,,0 days 00:00:22.353000,0 days 00:00:30.510000,0 days 00:00:28.287000,0 days 00:25:28.580000,0 days 00:25:59.090000,0 days 00:26:27.377000,288.0,301.0,284.0,318.0,True,SOFT,2.0,True,AlphaTauri,0 days 00:25:06.227000,2022-05-21 14:10:06.240,1,,,,False,True,2022,Spanish Grand Prix,Spain,Barcelona,6,Qualifying,False,False
0 days 00:28:06.252000,TSU,22,0 days 00:01:38.875000,6.0,2.0,,0 days 00:28:03.465000,0 days 00:00:26.525000,0 days 00:00:36.458000,0 days 00:00:35.892000,0 days 00:26:53.902000,0 days 00:27:30.360000,0 days 00:28:06.252000,208.0,233.0,,298.0,False,SOFT,3.0,True,AlphaTauri,0 days 00:26:27.377000,2022-05-21 14:11:27.390,1,,,,False,False,2022,Spanish Grand Prix,Spain,Barcelona,6,Qualifying,False,False
0 days 00:32:42.426000,TSU,22,,7.0,3.0,0 days 00:30:27.439000,,,0 days 00:00:35.722000,0 days 00:00:42.826000,,0 days 00:31:59.606000,0 days 00:32:42.614000,210.0,224.0,283.0,114.0,False,SOFT,1.0,True,AlphaTauri,0 days 00:28:06.252000,2022-05-21 14:13:06.265,1,,,,False,False,2022,Spanish Grand Prix,Spain,Barcelona,6,Qualifying,False,False
0 days 00:34:03.133000,TSU,22,0 days 00:01:20.707000,8.0,3.0,,,0 days 00:00:22.277000,0 days 00:00:30.409000,0 days 00:00:28.021000,0 days 00:33:04.703000,0 days 00:33:35.112000,0 days 00:34:03.133000,289.0,305.0,285.0,322.0,True,SOFT,2.0,True,AlphaTauri,0 days 00:32:42.426000,2022-05-21 14:17:42.439,1,,,,False,True,2022,Spanish Grand Prix,Spain,Barcelona,6,Qualifying,False,False
0 days 00:35:44.366000,TSU,22,0 days 00:01:41.233000,9.0,3.0,,0 days 00:35:41.569000,0 days 00:00:26.213000,0 days 00:00:36.569000,0 days 00:00:38.451000,0 days 00:34:29.346000,0 days 00:35:05.915000,0 days 00:35:44.366000,209.0,199.0,,296.0,False,SOFT,3.0,True,AlphaTauri,0 days 00:34:03.133000,2022-05-21 14:19:03.146,1,,,,False,False,2022,Spanish Grand Prix,Spain,Barcelona,6,Qualifying,False,False
0 days 00:45:20.129000,TSU,22,,10.0,4.0,0 days 00:43:17.946000,,,0 days 00:00:39.170000,0 days 00:00:44.547000,,0 days 00:44:35.674000,0 days 00:45:20.156000,206.0,204.0,283.0,139.0,False,SOFT,4.0,False,AlphaTauri,0 days 00:35:44.366000,2022-05-21 14:20:44.379,1,,,,False,False,2022,Spanish Grand Prix,Spain,Barcelona,6,Qualifying,False,False
0 days 00:46:41.668000,TSU,22,0 days 00:01:21.539000,11.0,4.0,,,0 days 00:00:22.508000,0 days 00:00:30.766000,0 days 00:00:28.265000,0 days 00:45:42.637000,0 days 00:46:13.403000,0 days 00:46:41.668000,285.0,300.0,285.0,322.0,True,SOFT,5.0,False,AlphaTauri,0 days 00:45:20.129000,2022-05-21 14:30:20.142,1,,,,False,True,2022,Spanish Grand Prix,Spain,Barcelona,6,Qualifying,False,False
0 days 00:48:18.903000,TSU,22,0 days 00:01:37.235000,12.0,4.0,,0 days 00:48:16.107000,0 days 00:00:25.773000,0 days 00:00:35.331000,0 days 00:00:36.131000,0 days 00:47:07.441000,0 days 00:47:42.772000,0 days 00:48:18.903000,199.0,218.0,,308.0,False,SOFT,6.0,False,AlphaTauri,0 days 00:46:41.668000,2022-05-21 14:31:41.681,1,,,,False,False,2022,Spanish Grand Prix,Spain,Barcelona,6,Qualifying,False,False
0 days 00:53:57.528000,TSU,22,,13.0,5.0,0 days 00:51:57.454000,,,0 days 00:00:39.565000,0 days 00:00:43.733000,,0 days 00:53:13.861000,0 days 00:53:57.707000,177.0,200.0,283.0,153.0,False,SOFT,1.0,True,AlphaTauri,0 days 00:48:18.903000,2022-05-21 14:33:18.916,1,,,,False,False,2022,Spanish Grand Prix,Spain,Barcelona,6,Qualifying,False,False
0 days 00:55:18.167000,TSU,22,0 days 00:01:20.639000,14.0,5.0,,,0 days 00:00:22.262000,0 days 00:00:30.393000,0 days 00:00:27.984000,0 days 00:54:19.790000,0 days 00:54:50.183000,0 days 00:55:18.167000,290.0,304.0,283.0,319.0,True,SOFT,2.0,True,AlphaTauri,0 days 00:53:57.528000,2022-05-21 14:38:57.541,1,,,,False,True,2022,Spanish Grand Prix,Spain,Barcelona,6,Qualifying,False,False
0 days 00:57:00.133000,TSU,22,0 days 00:01:41.966000,15.0,5.0,,0 days 00:56:57.333000,0 days 00:00:29.651000,0 days 00:00:35.719000,0 days 00:00:36.596000,0 days 00:55:47.818000,0 days 00:56:23.537000,0 days 00:57:00.133000,202.0,233.0,,296.0,False,SOFT,3.0,True,AlphaTauri,0 days 00:55:18.167000,2022-05-21 14:40:18.180,1,,,,False,False,2022,Spanish Grand Prix,Spain,Barcelona,6,Qualifying,False,False
0 days 00:17:21.987000,GAS,10,,1.0,1.0,0 days 00:15:42.679000,,,0 days 00:00:36.840000,0 days 00:00:33.146000,,0 days 00:16:48.850000,0 days 00:17:22.127000,226.0,246.0,281.0,207.0,False,SOFT,1.0,True,AlphaTauri,0 days 00:15:42.679000,2022-05-21 14:00:42.692,1,,,,False,False,2022,Spanish Grand Prix,Spain,Barcelona,6,Qualifying,False,False
0 days 00:18:44.009000,GAS,10,0 days 00:01:22.022000,2.0,1.0,,,0 days 00:00:22.694000,0 days 00:00:30.895000,0 days 00:00:28.433000,0 days 00:17:44.681000,0 days 00:18:15.576000,0 days 00:18:44.009000,281.0,297.0,283.0,315.0,True,SOFT,2.0,True,AlphaTauri,0 days 00:17:21.987000,2022-05-21 14:02:22.000,1,,,,False,True,2022,Spanish Grand Prix,Spain,Barcelona,6,Qualifying,False,False
0 days 00:20:59.977000,GAS,10,0 days 00:02:15.968000,3.0,1.0,,0 days 00:20:17.755000,0 days 00:00:24.965000,0 days 00:00:35.086000,0 days 00:01:15.917000,0 days 00:19:08.974000,0 days 00:19:44.060000,0 days 00:20:59.977000,252.0,239.0,,300.0,False,SOFT,3.0,True,AlphaTauri,0 days 00:18:44.009000,2022-05-21 14:03:44.022,1,,,,False,False,2022,Spanish Grand Prix,Spain,Barcelona,6,Qualifying,False,False
0 days 00:25:00.712000,GAS,10,,4.0,2.0,0 days 00:23:22.635000,,,0 days 00:00:38.234000,0 days 00:00:31.531000,,0 days 00:24:29.181000,0 days 00:25:00.884000,218.0,240.0,283.0,216.0,False,SOFT,1.0,True,AlphaTauri,0 days 00:20:59.977000,2022-05-21 14:05:59.990,1,,,,False,False,2022,Spanish Grand Prix,Spain,Barcelona,6,Qualifying,False,False
0 days 00:26:22.705000,GAS,10,0 days 00:01:21.993000,5.0,2.0,,,0 days 00:00:22.450000,0 days 00:00:30.859000,0 days 00:00:28.684000,0 days 00:25:23.162000,0 days 00:25:54.021000,0 days 00:26:22.705000,288.0,299.0,283.0,317.0,True,SOFT,2.0,True,AlphaTauri,0 days 00:25:00.712000,2022-05-21 14:10:00.725,1,,,,False,True,2022,Spanish Grand Prix,Spain,Barcelona,6,Qualifying,False,False
0 days 00:28:02.402000,GAS,10,0 days 00:01:39.697000,6.0,2.0,,0 days 00:27:59.608000,0 days 00:00:27.100000,0 days 00:00:36.204000,0 days 00:00:36.393000,0 days 00:26:49.805000,0 days 00:27:26.009000,0 days 00:28:02.402000,226.0,238.0,,300.0,False,SOFT,3.0,True,AlphaTauri,0 days 00:26:22.705000,2022-05-21 14:11:22.718,1,,,,False,False,2022,Spanish Grand Prix,Spain,Barcelona,6,Qualifying,False,False
0 days 00:32:30.971000,GAS,10,,7.0,3.0,0 days 00:30:21.804000,,,0 days 00:00:39.525000,0 days 00:00:44.853000,,0 days 00:31:46.121000,0 days 00:32:31.200000,227.0,251.0,283.0,80.0,False,SOFT,1.0,True,AlphaTauri,0 days 00:28:02.402000,2022-05-21 14:13:02.415,1,,,,False,False,2022,Spanish Grand Prix,Spain,Barcelona,6,Qualifying,False,False
0 days 00:33:51.690000,GAS,10,0 days 00:01:20.719000,8.0,3.0,,,0 days 00:00:22.304000,0 days 00:00:30.346000,0 days 00:00:28.069000,0 days 00:32:53.275000,0 days 00:33:23.621000,0 days 00:33:51.690000,285.0,303.0,283.0,322.0,True,SOFT,2.0,True,AlphaTauri,0 days 00:32:30.971000,2022-05-21 14:17:30.984,1,,,,False,True,2022,Spanish Grand Prix,Spain,Barcelona,6,Qualifying,False,False
0 days 00:35:38.006000,GAS,10,0 days 00:01:46.316000,9.0,3.0,,0 days 00:35:35.265000,0 days 00:00:28.463000,0 days 00:00:37.989000,0 days 00:00:39.864000,0 days 00:34:20.153000,0 days 00:34:58.142000,0 days 00:35:38.006000,237.0,224.0,,298.0,False,SOFT,3.0,True,AlphaTauri,0 days 00:33:51.690000,2022-05-21 14:18:51.703,1,,,,False,False,2022,Spanish Grand Prix,Spain,Barcelona,6,Qualifying,False,False
0 days 00:45:15.133000,GAS,10,,10.0,4.0,0 days 00:43:14.352000,,,0 days 00:00:40.956000,0 days 00:00:42.787000,,0 days 00:44:32.384000,0 days 00:45:15.164000,212.0,231.0,281.0,143.0,False,SOFT,4.0,False,AlphaTauri,0 days 00:35:38.006000,2022-05-21 14:20:38.019,1,,,,False,False,2022,Spanish Grand Prix,Spain,Barcelona,6,Qualifying,False,False
0 days 00:46:37.174000,GAS,10,0 days 00:01:22.041000,11.0,4.0,,,0 days 00:00:22.722000,0 days 00:00:30.873000,0 days 00:00:28.446000,0 days 00:45:37.855000,0 days 00:46:08.728000,0 days 00:46:37.174000,283.0,303.0,284.0,321.0,True,SOFT,5.0,False,AlphaTauri,0 days 00:45:15.133000,2022-05-21 14:30:15.146,1,,,,False,True,2022,Spanish Grand Prix,Spain,Barcelona,6,Qualifying,False,False
0 days 00:48:16.675000,GAS,10,0 days 00:01:39.501000,12.0,4.0,,0 days 00:48:13.886000,0 days 00:00:26.290000,0 days 00:00:35.862000,0 days 00:00:37.349000,0 days 00:47:03.464000,0 days 00:47:39.326000,0 days 00:48:16.675000,232.0,251.0,,304.0,False,SOFT,6.0,False,AlphaTauri,0 days 00:46:37.174000,2022-05-21 14:31:37.187,1,,,,False,False,2022,Spanish Grand Prix,Spain,Barcelona,6,Qualifying,False,False
0 days 00:53:53.041000,GAS,10,,13.0,5.0,0 days 00:51:50.545000,,,0 days 00:00:45.820000,0 days 00:00:40.869000,,0 days 00:53:12.172000,0 days 00:53:53.226000,206.0,245.0,283.0,172.0,False,SOFT,1.0,True,AlphaTauri,0 days 00:48:16.675000,2022-05-21 14:33:16.688,1,,,,False,False,2022,Spanish Grand Prix,Spain,Barcelona,6,Qualifying,False,False
0 days 00:55:13.902000,GAS,10,0 days 00:01:20.861000,14.0,5.0,,,0 days 00:00:22.422000,0 days 00:00:30.404000,0 days 00:00:28.035000,0 days 00:54:15.463000,0 days 00:54:45.867000,0 days 00:55:13.902000,287.0,304.0,283.0,320.0,True,SOFT,2.0,True,AlphaTauri,0 days 00:53:53.041000,2022-05-21 14:38:53.054,1,,,,False,True,2022,Spanish Grand Prix,Spain,Barcelona,6,Qualifying,False,False
0 days 00:56:56.726000,GAS,10,0 days 00:01:42.824000,15.0,5.0,,0 days 00:56:53.951000,0 days 00:00:30.736000,0 days 00:00:36.120000,0 days 00:00:35.968000,0 days 00:55:44.638000,0 days 00:56:20.758000,0 days 00:56:56.726000,229.0,247.0,,301.0,False,SOFT,3.0,True,AlphaTauri,0 days 00:55:13.902000,2022-05-21 14:40:13.915,1,,,,False,False,2022,Spanish Grand Prix,Spain,Barcelona,6,Qualifying,False,False
0 days 00:17:14.109000,ZHO,24,,1.0,1.0,0 days 00:15:22.532000,,,0 days 00:00:41.668000,0 days 00:00:34.238000,,0 days 00:16:39.871000,0 days 00:17:14.280000,179.0,215.0,279.0,153.0,False,SOFT,1.0,True,Alfa Romeo,0 days 00:15:22.532000,2022-05-21 14:00:22.545,1,,,,False,False,2022,Spanish Grand Prix,Spain,Barcelona,6,Qualifying,False,False
0 days 00:18:35.174000,ZHO,24,0 days 00:01:21.065000,2.0,1.0,,,0 days 00:00:22.757000,0 days 00:00:30.404000,0 days 00:00:27.904000,0 days 00:17:36.866000,0 days 00:18:07.270000,0 days 00:18:35.174000,284.0,299.0,282.0,313.0,True,SOFT,2.0,True,Alfa Romeo,0 days 00:17:14.109000,2022-05-21 14:02:14.122,1,,,,False,True,2022,Spanish Grand Prix,Spain,Barcelona,6,Qualifying,False,False
0 days 00:20:17.760000,ZHO,24,0 days 00:01:42.586000,3.0,1.0,,0 days 00:20:14.876000,0 days 00:00:27.577000,0 days 00:00:37.630000,0 days 00:00:37.379000,0 days 00:19:02.751000,0 days 00:19:40.381000,0 days 00:20:17.760000,201.0,195.0,,238.0,False,SOFT,3.0,True,Alfa Romeo,0 days 00:18:35.174000,2022-05-21 14:03:35.187,1,,,,False,False,2022,Spanish Grand Prix,Spain,Barcelona,6,Qualifying,False,False
0 days 00:24:25.568000,ZHO,24,,4.0,2.0,0 days 00:22:32.616000,,,0 days 00:00:46.763000,0 days 00:00:34.359000,,0 days 00:23:51.228000,0 days 00:24:25.732000,204.0,212.0,281.0,192.0,False,SOFT,1.0,True,Alfa Romeo,0 days 00:20:17.760000,2022-05-21 14:05:17.773,1,,,,False,False,2022,Spanish Grand Prix,Spain,Barcelona,6,Qualifying,False,False
0 days 00:25:46.381000,ZHO,24,0 days 00:01:20.813000,5.0,2.0,,,0 days 00:00:22.504000,0 days 00:00:30.403000,0 days 00:00:27.906000,0 days 00:24:48.072000,0 days 00:25:18.475000,0 days 00:25:46.381000,287.0,304.0,286.0,319.0,True,SOFT,2.0,True,Alfa Romeo,0 days 00:24:25.568000,2022-05-21 14:09:25.581,1,,,,False,True,2022,Spanish Grand Prix,Spain,Barcelona,6,Qualifying,False,False
0 days 00:27:29.716000,ZHO,24,0 days 00:01:43.335000,6.0,2.0,,0 days 00:27:26.920000,0 days 00:00:28.393000,0 days 00:00:37.615000,0 days 00:00:37.327000,0 days 00:26:14.774000,0 days 00:26:52.389000,0 days 00:27:29.716000,219.0,207.0,,250.0,False,SOFT,3.0,True,Alfa Romeo,0 days 00:25:46.381000,2022-05-21 14:10:46.394,1,,,,False,False,2022,Spanish Grand Prix,Spain,Barcelona,6,Qualifying,False,False
0 days 00:32:15.159000,ZHO,24,,7.0,3.0,0 days 00:30:13.112000,,,0 days 00:00:44.417000,0 days 00:00:43.386000,,0 days 00:31:31.773000,0 days 00:32:15.367000,208.0,193.0,281.0,146.0,False,SOFT,1.0,True,Alfa Romeo,0 days 00:27:29.716000,2022-05-21 14:12:29.729,1,,,,False,False,2022,Spanish Grand Prix,Spain,Barcelona,6,Qualifying,False,False
0 days 00:33:35.635000,ZHO,24,0 days 00:01:20.476000,8.0,3.0,,,0 days 00:00:22.376000,0 days 00:00:30.230000,0 days 00:00:27.870000,0 days 00:32:37.535000,0 days 00:33:07.765000,0 days 00:33:35.635000,286.0,303.0,283.0,320.0,True,SOFT,2.0,True,Alfa Romeo,0 days 00:32:15.159000,2022-05-21 14:17:15.172,1,,,,False,True,2022,Spanish Grand Prix,Spain,Barcelona,6,Qualifying,False,False
0 days 00:35:19.455000,ZHO,24,0 days 00:01:43.820000,9.0,3.0,,0 days 00:35:16.674000,0 days 00:00:29.554000,0 days 00:00:36.341000,0 days 00:00:37.925000,0 days 00:34:05.189000,0 days 00:34:41.530000,0 days 00:35:19.455000,211.0,205.0,,229.0,False,SOFT,3.0,True,Alfa Romeo,0 days 00:33:35.635000,2022-05-21 14:18:35.648,1,,,,False,False,2022,Spanish Grand Prix,Spain,Barcelona,6,Qualifying,False,False
0 days 00:45:54.697000,ZHO,24,,10.0,4.0,0 days 00:43:55.339000,,,0 days 00:00:41.446000,0 days 00:00:38.029000,,0 days 00:45:16.696000,0 days 00:45:54.697000,194.0,198.0,281.0,134.0,False,SOFT,4.0,False,Alfa Romeo,0 days 00:35:19.455000,2022-05-21 14:20:19.468,1,,,,False,False,2022,Spanish Grand Prix,Spain,Barcelona,6,Qualifying,False,False
0 days 00:47:15.857000,ZHO,24,0 days 00:01:21.160000,11.0,4.0,,,0 days 00:00:22.493000,0 days 00:00:30.526000,0 days 00:00:28.141000,0 days 00:46:17.190000,0 days 00:46:47.716000,0 days 00:47:15.857000,286.0,300.0,285.0,320.0,True,SOFT,5.0,False,Alfa Romeo,0 days 00:45:54.697000,2022-05-21 14:30:54.710,1,,,,False,True,2022,Spanish Grand Prix,Spain,Barcelona,6,Qualifying,False,False
0 days 00:49:26.107000,ZHO,24,0 days 00:02:10.250000,12.0,4.0,,0 days 00:48:54.549000,0 days 00:00:26.866000,0 days 00:00:36.104000,0 days 00:01:07.280000,0 days 00:47:42.723000,0 days 00:48:18.827000,0 days 00:49:26.107000,206.0,209.0,,255.0,False,SOFT,6.0,False,Alfa Romeo,0 days 00:47:15.857000,2022-05-21 14:32:15.870,1,,,,False,False,2022,Spanish Grand Prix,Spain,Barcelona,6,Qualifying,False,False
0 days 00:54:07.529000,ZHO,24,,13.0,5.0,0 days 00:51:53.139000,,,0 days 00:00:49.279000,0 days 00:00:46.741000,,0 days 00:53:20.793000,0 days 00:54:07.711000,185.0,151.0,280.0,139.0,False,SOFT,4.0,False,Alfa Romeo,0 days 00:49:26.107000,2022-05-21 14:34:26.120,1,,,,False,False,2022,Spanish Grand Prix,Spain,Barcelona,6,Qualifying,False,False
0 days 00:55:28.623000,ZHO,24,0 days 00:01:21.094000,14.0,5.0,,,0 days 00:00:22.578000,0 days 00:00:30.503000,0 days 00:00:28.013000,0 days 00:54:30.107000,0 days 00:55:00.610000,0 days 00:55:28.623000,286.0,302.0,282.0,317.0,True,SOFT,5.0,False,Alfa Romeo,0 days 00:54:07.529000,2022-05-21 14:39:07.542,1,,,,False,True,2022,Spanish Grand Prix,Spain,Barcelona,6,Qualifying,False,False
0 days 00:57:09.754000,ZHO,24,0 days 00:01:41.131000,15.0,5.0,,0 days 00:57:06.953000,0 days 00:00:27.202000,0 days 00:00:36.247000,0 days 00:00:37.682000,0 days 00:55:55.825000,0 days 00:56:32.072000,0 days 00:57:09.754000,220.0,204.0,,246.0,False,SOFT,6.0,False,Alfa Romeo,0 days 00:55:28.623000,2022-05-21 14:40:28.636,1,,,,False,False,2022,Spanish Grand Prix,Spain,Barcelona,6,Qualifying,False,False
0 days 00:22:50.941000,VET,5,,1.0,1.0,0 days 00:20:53.263000,,,0 days 00:00:39.727000,0 days 00:00:35.800000,,0 days 00:22:15.208000,0 days 00:22:50.941000,189.0,219.0,282.0,98.0,False,SOFT,1.0,True,Aston Martin,0 days 00:20:53.263000,2022-05-21 14:05:53.276,1,,,,False,False,2022,Spanish Grand Prix,Spain,Barcelona,6,Qualifying,False,False
0 days 00:24:12.212000,VET,5,0 days 00:01:21.271000,2.0,1.0,,,0 days 00:00:22.374000,0 days 00:00:30.484000,0 days 00:00:28.413000,0 days 00:23:13.315000,0 days 00:23:43.799000,0 days 00:24:12.212000,289.0,297.0,278.0,318.0,True,SOFT,2.0,True,Aston Martin,0 days 00:22:50.941000,2022-05-21 14:07:50.954,1,,,,False,True,2022,Spanish Grand Prix,Spain,Barcelona,6,Qualifying,False,False
0 days 00:25:57.744000,VET,5,0 days 00:01:45.532000,3.0,1.0,,0 days 00:25:54.886000,0 days 00:00:26.930000,0 days 00:00:41.456000,0 days 00:00:37.146000,0 days 00:24:39.142000,0 days 00:25:20.598000,0 days 00:25:57.744000,226.0,205.0,,278.0,False,SOFT,3.0,True,Aston Martin,0 days 00:24:12.212000,2022-05-21 14:09:12.225,1,,,,False,False,2022,Spanish Grand Prix,Spain,Barcelona,6,Qualifying,False,False
0 days 00:32:22.022000,VET,5,,4.0,2.0,0 days 00:30:16.516000,,,0 days 00:00:39.451000,0 days 00:00:45.038000,,0 days 00:31:37.031000,0 days 00:32:22.022000,193.0,194.0,280.0,100.0,False,SOFT,1.0,True,Aston Martin,0 days 00:25:57.744000,2022-05-21 14:10:57.757,1,,,,False,False,2022,Spanish Grand Prix,Spain,Barcelona,6,Qualifying,False,False
0 days 00:33:42.976000,VET,5,0 days 00:01:20.954000,5.0,2.0,,,0 days 00:00:22.433000,0 days 00:00:30.324000,0 days 00:00:28.197000,0 days 00:32:44.455000,0 days 00:33:14.779000,0 days 00:33:42.976000,285.0,294.0,279.0,318.0,True,SOFT,2.0,True,Aston Martin,0 days 00:32:22.022000,2022-05-21 14:17:22.035,1,,,,False,True,2022,Spanish Grand Prix,Spain,Barcelona,6,Qualifying,False,False
0 days 00:35:30.152000,VET,5,0 days 00:01:47.176000,6.0,2.0,,0 days 00:35:26.745000,0 days 00:00:26.158000,0 days 00:00:39.516000,0 days 00:00:41.502000,0 days 00:34:09.134000,0 days 00:34:48.650000,0 days 00:35:30.152000,215.0,177.0,,291.0,False,SOFT,3.0,True,Aston Martin,0 days 00:33:42.976000,2022-05-21 14:18:42.989,1,,,,False,False,2022,Spanish Grand Prix,Spain,Barcelona,6,Qualifying,False,False
0 days 00:25:15.522000,ALO,14,,1.0,1.0,0 days 00:23:35.214000,,,0 days 00:00:36.772000,0 days 00:00:34.156000,,0 days 00:24:41.408000,0 days 00:25:15.522000,221.0,223.0,281.0,201.0,False,SOFT,1.0,True,Alpine,0 days 00:23:35.214000,2022-05-21 14:08:35.227,1,,,,False,False,2022,Spanish Grand Prix,Spain,Barcelona,6,Qualifying,False,False
0 days 00:26:36.565000,ALO,14,0 days 00:01:21.043000,2.0,1.0,,,0 days 00:00:22.413000,0 days 00:00:30.540000,0 days 00:00:28.090000,0 days 00:25:37.935000,0 days 00:26:08.475000,0 days 00:26:36.565000,284.0,295.0,282.0,317.0,True,SOFT,2.0,True,Alpine,0 days 00:25:15.522000,2022-05-21 14:10:15.535,1,,,,False,True,2022,Spanish Grand Prix,Spain,Barcelona,6,Qualifying,False,False
0 days 00:28:25.048000,ALO,14,0 days 00:01:48.483000,3.0,1.0,,0 days 00:28:22.273000,0 days 00:00:30.766000,0 days 00:00:38.020000,0 days 00:00:39.697000,0 days 00:27:07.331000,0 days 00:27:45.351000,0 days 00:28:25.048000,196.0,188.0,,239.0,False,SOFT,3.0,True,Alpine,0 days 00:26:36.565000,2022-05-21 14:11:36.578,1,,,,False,False,2022,Spanish Grand Prix,Spain,Barcelona,6,Qualifying,False,False
0 days 00:32:48.313000,ALO,14,,4.0,2.0,0 days 00:30:40.574000,,,0 days 00:00:37.239000,0 days 00:00:33.971000,,0 days 00:32:14.351000,0 days 00:32:48.484000,214.0,210.0,285.0,160.0,False,SOFT,1.0,True,Alpine,0 days 00:28:25.048000,2022-05-21 14:13:25.061,1,,,,False,False,2022,Spanish Grand Prix,Spain,Barcelona,6,Qualifying,False,False
0 days 00:34:37.609000,ALO,14,0 days 00:01:49.296000,5.0,2.0,,0 days 00:34:34.811000,0 days 00:00:30.140000,0 days 00:00:40.573000,0 days 00:00:38.583000,0 days 00:33:18.453000,0 days 00:33:59.026000,0 days 00:34:37.609000,172.0,226.0,,327.0,False,SOFT,2.0,True,Alpine,0 days 00:32:48.313000,2022-05-21 14:17:48.326,1,,,,False,False,2022,Spanish Grand Prix,Spain,Barcelona,6,Qualifying,False,False
0 days 00:22:39.301000,STR,18,,1.0,1.0,0 days 00:20:33.892000,,,0 days 00:00:43.722000,0 days 00:00:38.291000,,0 days 00:22:01.027000,0 days 00:22:39.301000,197.0,233.0,280.0,110.0,False,SOFT,1.0,True,Aston Martin,0 days 00:20:33.892000,2022-05-21 14:05:33.905,1,,,,False,False,2022,Spanish Grand Prix,Spain,Barcelona,6,Qualifying,False,False
0 days 00:24:01.240000,STR,18,0 days 00:01:21.939000,2.0,1.0,,,0 days 00:00:22.701000,0 days 00:00:30.843000,0 days 00:00:28.395000,0 days 00:23:02.002000,0 days 00:23:32.845000,0 days 00:24:01.240000,284.0,299.0,281.0,316.0,True,SOFT,2.0,True,Aston Martin,0 days 00:22:39.301000,2022-05-21 14:07:39.314,1,,,,False,True,2022,Spanish Grand Prix,Spain,Barcelona,6,Qualifying,False,False
0 days 00:25:39.281000,STR,18,0 days 00:01:38.041000,3.0,1.0,,0 days 00:25:36.487000,0 days 00:00:28.067000,0 days 00:00:34.606000,0 days 00:00:35.368000,0 days 00:24:29.307000,0 days 00:25:03.913000,0 days 00:25:39.281000,243.0,259.0,,295.0,False,SOFT,3.0,True,Aston Martin,0 days 00:24:01.240000,2022-05-21 14:09:01.253,1,,,,False,False,2022,Spanish Grand Prix,Spain,Barcelona,6,Qualifying,False,False
0 days 00:32:10.153000,STR,18,,4.0,2.0,0 days 00:30:09.129000,,,0 days 00:00:42.420000,0 days 00:00:42.775000,,0 days 00:31:27.444000,0 days 00:32:10.323000,194.0,159.0,279.0,178.0,False,SOFT,1.0,True,Aston Martin,0 days 00:25:39.281000,2022-05-21 14:10:39.294,1,,,,False,False,2022,Spanish Grand Prix,Spain,Barcelona,6,Qualifying,False,False
0 days 00:33:31.571000,STR,18,0 days 00:01:21.418000,5.0,2.0,,,0 days 00:00:22.611000,0 days 00:00:30.410000,0 days 00:00:28.397000,0 days 00:32:32.764000,0 days 00:33:03.174000,0 days 00:33:31.571000,287.0,298.0,277.0,318.0,True,SOFT,2.0,True,Aston Martin,0 days 00:32:10.153000,2022-05-21 14:17:10.166,1,,,,False,True,2022,Spanish Grand Prix,Spain,Barcelona,6,Qualifying,False,False
0 days 00:35:57.529000,STR,18,0 days 00:02:25.958000,6.0,2.0,,0 days 00:35:04.682000,0 days 00:00:24.978000,0 days 00:00:34.387000,0 days 00:01:26.593000,0 days 00:33:56.549000,0 days 00:34:30.936000,0 days 00:35:57.529000,224.0,246.0,,293.0,False,SOFT,3.0,True,Aston Martin,0 days 00:33:31.571000,2022-05-21 14:18:31.584,1,,,,False,False,2022,Spanish Grand Prix,Spain,Barcelona,6,Qualifying,False,False
0 days 00:23:21.835000,ALB,23,,1.0,1.0,0 days 00:21:36.647000,,,0 days 00:00:40.095000,0 days 00:00:33.902000,,0 days 00:22:47.992000,0 days 00:23:22.338000,209.0,234.0,284.0,225.0,False,SOFT,1.0,True,Williams,0 days 00:21:36.647000,2022-05-21 14:06:36.660,1,,,,False,False,2022,Spanish Grand Prix,Spain,Barcelona,6,Qualifying,False,False
0 days 00:24:43.480000,ALB,23,0 days 00:01:21.645000,2.0,1.0,,,0 days 00:00:22.570000,0 days 00:00:30.748000,0 days 00:00:28.327000,0 days 00:23:44.405000,0 days 00:24:15.153000,0 days 00:24:43.480000,283.0,293.0,285.0,322.0,True,SOFT,2.0,True,Williams,0 days 00:23:21.835000,2022-05-21 14:08:21.848,1,,,,False,True,2022,Spanish Grand Prix,Spain,Barcelona,6,Qualifying,False,False
0 days 00:26:48.047000,ALB,23,0 days 00:02:04.567000,3.0,1.0,,0 days 00:26:19.504000,0 days 00:00:25.691000,0 days 00:00:35.654000,0 days 00:01:03.222000,0 days 00:25:09.171000,0 days 00:25:44.825000,0 days 00:26:48.047000,234.0,230.0,,302.0,False,SOFT,3.0,True,Williams,0 days 00:24:43.480000,2022-05-21 14:09:43.493,1,,,,False,False,2022,Spanish Grand Prix,Spain,Barcelona,6,Qualifying,False,False
0 days 00:32:50.025000,ALB,23,,4.0,2.0,0 days 00:31:08.220000,,,0 days 00:00:34.550000,0 days 00:00:33.366000,,0 days 00:32:16.689000,0 days 00:32:50.237000,238.0,234.0,287.0,193.0,False,SOFT,1.0,True,Williams,0 days 00:26:48.047000,2022-05-21 14:11:48.060,1,,,,False,False,2022,Spanish Grand Prix,Spain,Barcelona,6,Qualifying,False,False
0 days 00:34:12.454000,ALB,23,0 days 00:01:22.429000,5.0,2.0,,,0 days 00:00:22.618000,0 days 00:00:31.374000,0 days 00:00:28.437000,0 days 00:33:12.643000,0 days 00:33:44.017000,0 days 00:34:12.454000,278.0,288.0,289.0,333.0,False,SOFT,2.0,True,Williams,0 days 00:32:50.025000,2022-05-21 14:17:50.038,1,,,,False,True,2022,Spanish Grand Prix,Spain,Barcelona,6,Qualifying,False,False
0 days 00:36:01.087000,ALB,23,0 days 00:01:48.633000,6.0,2.0,,0 days 00:35:58.320000,0 days 00:00:30.630000,0 days 00:00:42.798000,0 days 00:00:35.205000,0 days 00:34:43.084000,0 days 00:35:25.882000,0 days 00:36:01.087000,199.0,236.0,,204.0,False,SOFT,3.0,True,Williams,0 days 00:34:12.454000,2022-05-21 14:19:12.467,1,,,,False,False,2022,Spanish Grand Prix,Spain,Barcelona,6,Qualifying,False,False
0 days 00:19:14.874000,LAT,6,,1.0,1.0,0 days 00:17:39.328000,,,0 days 00:00:34.693000,0 days 00:00:33.848000,,0 days 00:18:41.069000,0 days 00:19:14.874000,230.0,221.0,283.0,233.0,False,SOFT,1.0,True,Williams,0 days 00:17:39.328000,2022-05-21 14:02:39.341,1,,,,False,False,2022,Spanish Grand Prix,Spain,Barcelona,6,Qualifying,False,False
0 days 00:20:37.221000,LAT,6,0 days 00:01:22.347000,2.0,1.0,,,0 days 00:00:22.679000,0 days 00:00:31.022000,0 days 00:00:28.646000,0 days 00:19:37.553000,0 days 00:20:08.575000,0 days 00:20:37.221000,286.0,286.0,282.0,321.0,True,SOFT,2.0,True,Williams,0 days 00:19:14.874000,2022-05-21 14:04:14.887,1,,,,False,True,2022,Spanish Grand Prix,Spain,Barcelona,6,Qualifying,False,False
0 days 00:22:28.037000,LAT,6,0 days 00:01:50.816000,3.0,1.0,,,0 days 00:00:32.547000,0 days 00:00:36.977000,0 days 00:00:41.292000,0 days 00:21:09.768000,0 days 00:21:46.745000,0 days 00:22:28.037000,222.0,209.0,259.0,298.0,False,SOFT,3.0,True,Williams,0 days 00:20:37.221000,2022-05-21 14:05:37.234,1,,,,False,True,2022,Spanish Grand Prix,Spain,Barcelona,6,Qualifying,False,False
0 days 00:24:19.191000,LAT,6,0 days 00:01:51.154000,4.0,1.0,,,0 days 00:00:31.580000,0 days 00:00:45.415000,0 days 00:00:34.159000,0 days 00:22:59.617000,0 days 00:23:45.032000,0 days 00:24:19.191000,189.0,204.0,284.0,304.0,False,SOFT,4.0,True,Williams,0 days 00:22:28.037000,2022-05-21 14:07:28.050,1,,,,False,True,2022,Spanish Grand Prix,Spain,Barcelona,6,Qualifying,False,False
0 days 00:25:42.270000,LAT,6,0 days 00:01:23.079000,5.0,1.0,,,0 days 00:00:22.648000,0 days 00:00:31.511000,0 days 00:00:28.920000,0 days 00:24:41.839000,0 days 00:25:13.350000,0 days 00:25:42.270000,282.0,295.0,283.0,324.0,False,SOFT,5.0,True,Williams,0 days 00:24:19.191000,2022-05-21 14:09:19.204,1,,,,False,True,2022,Spanish Grand Prix,Spain,Barcelona,6,Qualifying,False,False
0 days 00:28:09.922000,LAT,6,0 days 00:02:27.652000,6.0,1.0,,0 days 00:27:23.272000,0 days 00:00:30.206000,0 days 00:00:36.361000,0 days 00:01:21.085000,0 days 00:26:12.476000,0 days 00:26:48.837000,0 days 00:28:09.922000,211.0,245.0,,176.0,False,SOFT,6.0,True,Williams,0 days 00:25:42.270000,2022-05-21 14:10:42.283,1,,,,False,False,2022,Spanish Grand Prix,Spain,Barcelona,6,Qualifying,False,False
0 days 00:31:48.678000,LAT,6,,7.0,2.0,0 days 00:30:01.143000,,,0 days 00:00:37.656000,0 days 00:00:39.915000,,0 days 00:31:08.844000,0 days 00:31:48.858000,139.0,175.0,282.0,235.0,False,SOFT,1.0,True,Williams,0 days 00:28:09.922000,2022-05-21 14:13:09.935,1,,,,False,False,2022,Spanish Grand Prix,Spain,Barcelona,6,Qualifying,False,False
0 days 00:33:10.593000,LAT,6,0 days 00:01:21.915000,8.0,2.0,,,0 days 00:00:22.517000,0 days 00:00:30.812000,0 days 00:00:28.586000,0 days 00:32:11.195000,0 days 00:32:42.007000,0 days 00:33:10.593000,284.0,294.0,283.0,321.0,True,SOFT,2.0,True,Williams,0 days 00:31:48.678000,2022-05-21 14:16:48.691,1,,,,False,True,2022,Spanish Grand Prix,Spain,Barcelona,6,Qualifying,False,False
0 days 00:34:56.971000,LAT,6,0 days 00:01:46.378000,9.0,2.0,,0 days 00:34:54.180000,0 days 00:00:31.451000,0 days 00:00:36.917000,0 days 00:00:38.010000,0 days 00:33:42.044000,0 days 00:34:18.961000,0 days 00:34:56.971000,216.0,220.0,,300.0,False,SOFT,3.0,True,Williams,0 days 00:33:10.593000,2022-05-21 14:18:10.606,1,,,,False,False,2022,Spanish Grand Prix,Spain,Barcelona,6,Qualifying,False,False
